address,borough,city,latitude,longitude,lot_area_sqm,construction_year,assessment_land,assessment_building,assessment_total,assessment_year,property_category,data_source,source_url,street_photo_url,street_photo_taken_at,street_photo_author,street_photo_source
"2190, rue du College",Saint-Laurent,Montréal,45.501809,-73.684175,,,,,871500.0,2025,,Ville de Montréal — Données ouvertes,https://donnees.montreal.ca/dataset/taxes-municipales,,,,
"1892, boulevard Alexis-Nihon",Saint-Laurent,Montréal,45.513418,-73.707451,77.0,2001,,,223800.0,2021,Logement,Ville de Montréal — Données ouvertes,https://donnees.montreal.ca/dataset/taxes-municipales,,,,
"2904, place Joron",Saint-Laurent,Montréal,45.497662,-73.697548,315.0,2001,,,932700.0,2026,Logement,Ville de Montréal — Données ouvertes,https://donnees.montreal.ca/dataset/taxes-municipales,,,,
"2195, rue Decelles",Saint-Laurent,Montréal,45.505613,-73.690707,483.0,1955,,,530000.0,2021,Logement,Ville de Montréal — Données ouvertes,https://donnees.montreal.ca/dataset/taxes-municipales,,,,
"2660, rue Metivier",Saint-Laurent,Montréal,45.522104,-73.730624,,,,,581567.0,2024,,Ville de Montréal — Données ouvertes,https://donnees.montreal.ca/dataset/taxes-municipales,,,,
"275, rue Marcotte",Saint-Laurent,Montréal,45.529092,-73.677546,382.0,1965,,,557500.0,2022,Logement,Ville de Montréal — Données ouvertes,https://donnees.montreal.ca/dataset/taxes-municipales,,,,
"2110, rue du College",Saint-Laurent,Montréal,45.502599,-73.683205,,,,,704700.0,2025,,Ville de Montréal — Données ouvertes,https://donnees.montreal.ca/dataset/taxes-municipales,,,,
"870, rue Maheu",Saint-Laurent,Montréal,45.4977,-73.69736,315.0,2001,,,936933.0,2026,Logement,Ville de Montréal — Données ouvertes,https://donnees.montreal.ca/dataset/taxes-municipales,,,,
"2817, rue de l'Ecu",Saint-Laurent,Montréal,45.511231,-73.714381,,,,,705300.0,2022,,Ville de Montréal — Données ouvertes,https://donnees.montreal.ca/dataset/taxes-municipales,,,,
"2380, rue Paton",Saint-Laurent,Montréal,45.502352,-73.692515,453.0,1955,,,634400.0,2024,Logement,Ville de Montréal — Données ouvertes,https://donnees.montreal.ca/dataset/taxes-municipales,,,,
"1882, boulevard Alexis-Nihon",Saint-Laurent,Montréal,45.51336,-73.707346,118.0,2001,,,290800.0,2021,Logement,Ville de Montréal — Données ouvertes,https://donnees.montreal.ca/dataset/taxes-municipales,,,,
"1025, boulevard Alexis-Nihon",Saint-Laurent,Montréal,45.506908,-73.692877,673.0,1947,,,649800.0,2021,Logement,Ville de Montréal — Données ouvertes,https://donnees.montreal.ca/dataset/taxes-municipales,,,,
"2275, rue Nantel",Saint-Laurent,Montréal,45.50136,-73.687103,492.0,1957,,,868600.0,2025,Logement,Ville de Montréal — Données ouvertes,https://donnees.montreal.ca/dataset/taxes-municipales,,,,
"1582, rue de l'Everest",Saint-Laurent,Montréal,45.511961,-73.703148,125.0,1997,,,601767.0,2024,Logement,Ville de Montréal — Données ouvertes,https://donnees.montreal.ca/dataset/taxes-municipales,,,,
"1585, rue Decelles",Saint-Laurent,Montréal,45.511782,-73.682151,354.0,1940,,,754800.0,2025,Logement,Ville de Montréal — Données ouvertes,https://donnees.montreal.ca/dataset/taxes-municipales,,,,
"1335, rue Saint-Germain",Saint-Laurent,Montréal,45.518277,-73.685564,372.0,1950,,,604533.0,2024,Logement,Ville de Montréal — Données ouvertes,https://donnees.montreal.ca/dataset/taxes-municipales,,,,
"2200, boulevard Thimens",Saint-Laurent,Montréal,45.509619,-73.696526,51.0,2013,,,603200.0,2025,Logement,Ville de Montréal — Données ouvertes,https://donnees.montreal.ca/dataset/taxes-municipales,,,,
"3754, rue Celine-Marier",Saint-Laurent,Montréal,45.501533,-73.727253,,,,,672100.0,2024,,Ville de Montréal — Données ouvertes,https://donnees.montreal.ca/dataset/taxes-municipales,,,,
"1445, rue Saint-Germain",Saint-Laurent,Montréal,45.519199,-73.687021,279.0,1948,,,435933.0,2024,Logement,Ville de Montréal — Données ouvertes,https://donnees.montreal.ca/dataset/taxes-municipales,,,,
"470, rue Tasse",Saint-Laurent,Montréal,45.52608,-73.678775,,,,,665767.0,2023,,Ville de Montréal — Données ouvertes,https://donnees.montreal.ca/dataset/taxes-municipales,,,,
"2527, rue Guenette",Saint-Laurent,Montréal,45.501222,-73.72974,,,,,306467.0,2021,,Ville de Montréal — Données ouvertes,https://donnees.montreal.ca/dataset/taxes-municipales,,,,
"2830, rue Metivier",Saint-Laurent,Montréal,45.520316,-73.731514,,,,,503033.0,2024,,Ville de Montréal — Données ouvertes,https://donnees.montreal.ca/dataset/taxes-municipales,,,,
"2120, rue du College",Saint-Laurent,Montréal,45.50252,-73.683305,,,,,773700.0,2025,,Ville de Montréal — Données ouvertes,https://donnees.montreal.ca/dataset/taxes-municipales,,,,
"2409, rue Charles-Darwin",Saint-Laurent,Montréal,45.511939,-73.707527,98.0,2000,,,292267.0,2023,Logement,Ville de Montréal — Données ouvertes,https://donnees.montreal.ca/dataset/taxes-municipales,,,,
"2150, rue du College",Saint-Laurent,Montréal,45.502201,-73.683706,,,,,693000.0,2025,,Ville de Montréal — Données ouvertes,https://donnees.montreal.ca/dataset/taxes-municipales,,,,
"2040, rue du College",Saint-Laurent,Montréal,45.503291,-73.682527,,,,,808900.0,2025,,Ville de Montréal — Données ouvertes,https://donnees.montreal.ca/dataset/taxes-municipales,,,,
"1417, rue de l'Everest",Saint-Laurent,Montréal,45.510871,-73.699138,203.0,1994,,,563833.0,2023,Logement,Ville de Montréal — Données ouvertes,https://donnees.montreal.ca/dataset/taxes-municipales,,,,
"2335, rue Nantel",Saint-Laurent,Montréal,45.500814,-73.687768,467.0,1954,,,666300.0,2025,Logement,Ville de Montréal — Données ouvertes,https://donnees.montreal.ca/dataset/taxes-municipales,,,,
"2005, rue de Londres",Saint-Laurent,Montréal,45.52232,-73.69785,350.0,1942,,,302600.0,2022,Logement,Ville de Montréal — Données ouvertes,https://donnees.montreal.ca/dataset/taxes-municipales,,,,
"725, rue Tasse",Saint-Laurent,Montréal,45.524625,-73.680158,,,,,487167.0,2023,,Ville de Montréal — Données ouvertes,https://donnees.montreal.ca/dataset/taxes-municipales,,,,
"0, rue Oleoduc",Saint-Laurent,Montréal,,,,,,,277000.0,2021,,Ville de Montréal — Données ouvertes,https://donnees.montreal.ca/dataset/taxes-municipales,,,,
"1884, boulevard Alexis-Nihon",Saint-Laurent,Montréal,45.51337,-73.707366,118.0,2001,,,327367.0,2021,Logement,Ville de Montréal — Données ouvertes,https://donnees.montreal.ca/dataset/taxes-municipales,,,,
"225, rue Marcotte",Saint-Laurent,Montréal,45.529481,-73.677018,350.0,1965,,,551500.0,2022,Logement,Ville de Montréal — Données ouvertes,https://donnees.montreal.ca/dataset/taxes-municipales,,,,
"940, rue Saint-Francois-Xavier",Saint-Laurent,Montréal,45.514974,-73.679346,,,,,483900.0,2025,,Ville de Montréal — Données ouvertes,https://donnees.montreal.ca/dataset/taxes-municipales,,,,
"2419, rue Charles-Darwin",Saint-Laurent,Montréal,45.512139,-73.707849,46.0,2000,,,237800.0,2023,Logement,Ville de Montréal — Données ouvertes,https://donnees.montreal.ca/dataset/taxes-municipales,,,,
"4115, boulevard Henri-Bourassa Ouest",Saint-Laurent,Montréal,45.526327,-73.699084,1322.0,2017,,,7480000.0,2025,Logement,Ville de Montréal — Données ouvertes,https://donnees.montreal.ca/dataset/taxes-municipales,,,,
"1029, rue White",Saint-Laurent,Montréal,45.499473,-73.699816,313.0,1998,,,802500.0,2025,Logement,Ville de Montréal — Données ouvertes,https://donnees.montreal.ca/dataset/taxes-municipales,,,,
"1361, rue Saint-Germain",Saint-Laurent,Montréal,45.51854,-73.685891,465.0,1953,,,890867.0,2024,Logement,Ville de Montréal — Données ouvertes,https://donnees.montreal.ca/dataset/taxes-municipales,,,,
"1136, rue Guertin",Saint-Laurent,Montréal,45.518557,-73.681037,204.0,1971,,,370600.0,2022,Logement,Ville de Montréal — Données ouvertes,https://donnees.montreal.ca/dataset/taxes-municipales,,,,
"968, rue Saint-Francois-Xavier",Saint-Laurent,Montréal,45.515313,-73.67994,,,,,1047100.0,2025,,Ville de Montréal — Données ouvertes,https://donnees.montreal.ca/dataset/taxes-municipales,,,,
"2025, rue de Londres",Saint-Laurent,Montréal,45.522472,-73.698094,362.0,1942,,,364100.0,2022,Logement,Ville de Montréal — Données ouvertes,https://donnees.montreal.ca/dataset/taxes-municipales,,,,
"2355, rue Wilfrid-Reid",Saint-Laurent,Montréal,45.518613,-73.711141,34.0,2020,,,419700.0,2022,Logement,Ville de Montréal — Données ouvertes,https://donnees.montreal.ca/dataset/taxes-municipales,,,,
"2280, rue Paton",Saint-Laurent,Montréal,45.503589,-73.691178,526.0,1976,,,972067.0,2024,Logement,Ville de Montréal — Données ouvertes,https://donnees.montreal.ca/dataset/taxes-municipales,,,,
"2922, place Joron",Saint-Laurent,Montréal,45.49759,-73.697969,521.0,2000,,,943033.0,2026,Logement,Ville de Montréal — Données ouvertes,https://donnees.montreal.ca/dataset/taxes-municipales,,,,
"530, rue Tasse",Saint-Laurent,Montréal,45.5254,-73.679155,,,,,439833.0,2023,,Ville de Montréal — Données ouvertes,https://donnees.montreal.ca/dataset/taxes-municipales,,,,
"2260, rue Paton",Saint-Laurent,Montréal,45.503808,-73.690905,544.0,1976,,,951233.0,2024,Logement,Ville de Montréal — Données ouvertes,https://donnees.montreal.ca/dataset/taxes-municipales,,,,
"681, boulevard Dr.-Frederik-Philips",Saint-Laurent,Montréal,45.497632,-73.694738,376.0,1988,,,575700.0,2021,Logement,Ville de Montréal — Données ouvertes,https://donnees.montreal.ca/dataset/taxes-municipales,,,,
"1225, boulevard Alexis-Nihon",Saint-Laurent,Montréal,45.508883,-73.695461,4258.0,1977,,,6675533.0,2021,Logement,Ville de Montréal — Données ouvertes,https://donnees.montreal.ca/dataset/taxes-municipales,,,,
"1584, rue de l'Everest",Saint-Laurent,Montréal,45.511997,-73.703095,125.0,1997,,,580500.0,2024,Logement,Ville de Montréal — Données ouvertes,https://donnees.montreal.ca/dataset/taxes-municipales,,,,
"1004, rue White",Saint-Laurent,Montréal,45.499594,-73.699002,318.0,1997,,,955100.0,2025,Logement,Ville de Montréal — Données ouvertes,https://donnees.montreal.ca/dataset/taxes-municipales,,,,
"2020, rue Depatie",Saint-Laurent,Montréal,45.525268,-73.694594,,,,,711767.0,2026,,Ville de Montréal — Données ouvertes,https://donnees.montreal.ca/dataset/taxes-municipales,,,,
"1355, rue Filion",Saint-Laurent,Montréal,45.520842,-73.682315,451.0,1969,,,770100.0,2025,Logement,Ville de Montréal — Données ouvertes,https://donnees.montreal.ca/dataset/taxes-municipales,,,,
"2015, rue de Londres",Saint-Laurent,Montréal,45.52238,-73.697977,361.0,1942,,,339200.0,2022,Logement,Ville de Montréal — Données ouvertes,https://donnees.montreal.ca/dataset/taxes-municipales,,,,
"1878, boulevard Alexis-Nihon",Saint-Laurent,Montréal,45.513323,-73.707299,77.0,2001,,,223900.0,2021,Logement,Ville de Montréal — Données ouvertes,https://donnees.montreal.ca/dataset/taxes-municipales,,,,
"1425, rue de l'Everest",Saint-Laurent,Montréal,45.511058,-73.699203,188.0,1994,,,482233.0,2023,Logement,Ville de Montréal — Données ouvertes,https://donnees.montreal.ca/dataset/taxes-municipales,,,,
"3445, rue Limoges",Saint-Laurent,Montréal,45.520935,-73.729161,573.0,1958,,,711800.0,2025,Logement,Ville de Montréal — Données ouvertes,https://donnees.montreal.ca/dataset/taxes-municipales,,,,
"2425, rue Nantel",Saint-Laurent,Montréal,45.499748,-73.689142,483.0,1961,,,896300.0,2025,Logement,Ville de Montréal — Données ouvertes,https://donnees.montreal.ca/dataset/taxes-municipales,,,,
"2315, rue Nantel",Saint-Laurent,Montréal,45.50099,-73.687533,555.0,1954,,,701800.0,2025,Logement,Ville de Montréal — Données ouvertes,https://donnees.montreal.ca/dataset/taxes-municipales,,,,
"2245, rue Nantel",Saint-Laurent,Montréal,45.501731,-73.686529,1016.0,1956,,,1432500.0,2025,Logement,Ville de Montréal — Données ouvertes,https://donnees.montreal.ca/dataset/taxes-municipales,,,,
"2958, rue Guy-Hoffmann",Saint-Laurent,Montréal,45.507949,-73.734837,403.0,1995,,,835300.0,2025,Logement,Ville de Montréal — Données ouvertes,https://donnees.montreal.ca/dataset/taxes-municipales,,,,
"4565, avenue Felix-Leclerc",Saint-Laurent,Montréal,45.508974,-73.732885,217.0,2001,,,553233.0,2021,Logement,Ville de Montréal — Données ouvertes,https://donnees.montreal.ca/dataset/taxes-municipales,,,,
"2895, rue Metivier",Saint-Laurent,Montréal,45.519928,-73.732706,,,,,865000.0,2024,,Ville de Montréal — Données ouvertes,https://donnees.montreal.ca/dataset/taxes-municipales,,,,
"1126, rue Guertin",Saint-Laurent,Montréal,45.518454,-73.68084,312.0,1971,,,462800.0,2022,Logement,Ville de Montréal — Données ouvertes,https://donnees.montreal.ca/dataset/taxes-municipales,,,,
"1205, rue Champigny",Saint-Laurent,Montréal,45.522297,-73.676798,272.0,1960,,,722433.0,2024,Logement,Ville de Montréal — Données ouvertes,https://donnees.montreal.ca/dataset/taxes-municipales,,,,
"1397, rue Saint-Germain",Saint-Laurent,Montréal,45.518696,-73.686214,276.0,1959,,,692333.0,2024,Logement,Ville de Montréal — Données ouvertes,https://donnees.montreal.ca/dataset/taxes-municipales,,,,
"1021, rue White",Saint-Laurent,Montréal,45.499626,-73.6996,313.0,1997,,,805900.0,2025,Logement,Ville de Montréal — Données ouvertes,https://donnees.montreal.ca/dataset/taxes-municipales,,,,
"3900, boulevard de la Cote-Vertu",Saint-Laurent,Montréal,45.491239,-73.710694,5302.0,1981,,,900000.0,2022,Immeuble à bureaux,Ville de Montréal — Données ouvertes,https://donnees.montreal.ca/dataset/taxes-municipales,,,,
"1551, rue Tasse",Saint-Laurent,Montréal,45.517006,-73.688992,,,,,502600.0,2023,,Ville de Montréal — Données ouvertes,https://donnees.montreal.ca/dataset/taxes-municipales,,,,
"4885, boulevard Henri-Bourassa Ouest",Saint-Laurent,Montréal,45.522952,-73.70715,37.0,2010,,,258900.0,2024,Logement,Ville de Montréal — Données ouvertes,https://donnees.montreal.ca/dataset/taxes-municipales,,,,
"1985, rue de Londres",Saint-Laurent,Montréal,45.522207,-73.697592,350.0,1942,,,352900.0,2022,Logement,Ville de Montréal — Données ouvertes,https://donnees.montreal.ca/dataset/taxes-municipales,,,,
"889, rue Maheu",Saint-Laurent,Montréal,45.498273,-73.697737,302.0,2000,,,809200.0,2026,Logement,Ville de Montréal — Données ouvertes,https://donnees.montreal.ca/dataset/taxes-municipales,,,,
"1655, rue Grenet",Saint-Laurent,Montréal,45.51743,-73.695922,1369.0,1959,,,1874400.0,2022,Logement,Ville de Montréal — Données ouvertes,https://donnees.montreal.ca/dataset/taxes-municipales,,,,
"883, rue Maheu",Saint-Laurent,Montréal,45.498192,-73.697596,302.0,2001,,,886100.0,2026,Logement,Ville de Montréal — Données ouvertes,https://donnees.montreal.ca/dataset/taxes-municipales,,,,
"4573, avenue Felix-Leclerc",Saint-Laurent,Montréal,45.50887,-73.733015,222.0,2001,,,517067.0,2021,Logement,Ville de Montréal — Données ouvertes,https://donnees.montreal.ca/dataset/taxes-municipales,,,,
"1495, rue Saint-Germain",Saint-Laurent,Montréal,45.519666,-73.687764,372.0,1948,,,439567.0,2023,Logement,Ville de Montréal — Données ouvertes,https://donnees.montreal.ca/dataset/taxes-municipales,,,,
"2270, rue Paton",Saint-Laurent,Montréal,45.503703,-73.691051,533.0,1976,,,1015633.0,2024,Logement,Ville de Montréal — Données ouvertes,https://donnees.montreal.ca/dataset/taxes-municipales,,,,
"1143, rue Champigny",Saint-Laurent,Montréal,45.521695,-73.675823,343.0,1955,,,823333.0,2024,Logement,Ville de Montréal — Données ouvertes,https://donnees.montreal.ca/dataset/taxes-municipales,,,,
"2978, rue Guy-Hoffmann",Saint-Laurent,Montréal,45.508361,-73.734321,766.0,2001,,,1573300.0,2025,Logement,Ville de Montréal — Données ouvertes,https://donnees.montreal.ca/dataset/taxes-municipales,,,,
"2946, rue Guy-Hoffmann",Saint-Laurent,Montréal,45.507727,-73.735095,403.0,1999,,,908200.0,2025,Logement,Ville de Montréal — Données ouvertes,https://donnees.montreal.ca/dataset/taxes-municipales,,,,
"650, rue Buchanan",Saint-Laurent,Montréal,45.507203,-73.678733,446.0,1949,,,732333.0,2024,Logement,Ville de Montréal — Données ouvertes,https://donnees.montreal.ca/dataset/taxes-municipales,,,,
"1045, boulevard Alexis-Nihon",Saint-Laurent,Montréal,45.507244,-73.693352,1871.0,1975,,,2948933.0,2021,Logement,Ville de Montréal — Données ouvertes,https://donnees.montreal.ca/dataset/taxes-municipales,,,,
"3774, rue Celine-Marier",Saint-Laurent,Montréal,45.501539,-73.727406,,,,,650467.0,2024,,Ville de Montréal — Données ouvertes,https://donnees.montreal.ca/dataset/taxes-municipales,,,,
"1245, rue Champigny",Saint-Laurent,Montréal,45.522694,-73.677435,395.0,1956,,,770600.0,2024,Logement,Ville de Montréal — Données ouvertes,https://donnees.montreal.ca/dataset/taxes-municipales,,,,
"2460, rue Stevens",Saint-Laurent,Montréal,45.500115,-73.690956,483.0,1960,,,870600.0,2025,Logement,Ville de Montréal — Données ouvertes,https://donnees.montreal.ca/dataset/taxes-municipales,,,,
"2440, rue Stevens",Saint-Laurent,Montréal,45.50032,-73.69067,483.0,1960,,,1023400.0,2025,Logement,Ville de Montréal — Données ouvertes,https://donnees.montreal.ca/dataset/taxes-municipales,,,,
"650, boulevard Marcel-Laurin",Saint-Laurent,Montréal,45.505546,-73.681545,52.0,2006,,,211700.0,2022,Logement,Ville de Montréal — Données ouvertes,https://donnees.montreal.ca/dataset/taxes-municipales,,,,
"1876, boulevard Alexis-Nihon",Saint-Laurent,Montréal,45.513314,-73.707272,77.0,2001,,,218567.0,2021,Logement,Ville de Montréal — Données ouvertes,https://donnees.montreal.ca/dataset/taxes-municipales,,,,
"1816, rue du Piree",Saint-Laurent,Montréal,45.512293,-73.707984,,,,,295967.0,2023,,Ville de Montréal — Données ouvertes,https://donnees.montreal.ca/dataset/taxes-municipales,,,,
"1812, rue du Piree",Saint-Laurent,Montréal,45.512223,-73.707855,,,,,281600.0,2023,,Ville de Montréal — Données ouvertes,https://donnees.montreal.ca/dataset/taxes-municipales,,,,
"215, rue Marcotte",Saint-Laurent,Montréal,45.529593,-73.676772,623.0,1965,,,732800.0,2022,Logement,Ville de Montréal — Données ouvertes,https://donnees.montreal.ca/dataset/taxes-municipales,,,,
"1146, rue Guertin",Saint-Laurent,Montréal,45.518698,-73.681277,333.0,1971,,,474400.0,2022,Logement,Ville de Montréal — Données ouvertes,https://donnees.montreal.ca/dataset/taxes-municipales,,,,
"3005, rue Halpern",Saint-Laurent,Montréal,45.494257,-73.752582,6287.0,1977,,,900000.0,2024,Entreposage de tout genre,Ville de Montréal — Données ouvertes,https://donnees.montreal.ca/dataset/taxes-municipales,,,,
"4000, boulevard de la Cote-Vertu",Saint-Laurent,Montréal,45.491879,-73.711641,16010.0,1971,,,900000.0,2022,Autres industries de produits manufacturés,Ville de Montréal — Données ouvertes,https://donnees.montreal.ca/dataset/taxes-municipales,,,,
"2910, place Joron",Saint-Laurent,Montréal,45.497638,-73.697654,315.0,2001,,,931333.0,2026,Logement,Ville de Montréal — Données ouvertes,https://donnees.montreal.ca/dataset/taxes-municipales,,,,
"3310, rue Achim",Saint-Laurent,Montréal,45.520244,-73.725999,544.0,1973,,,623500.0,2025,Logement,Ville de Montréal — Données ouvertes,https://donnees.montreal.ca/dataset/taxes-municipales,,,,
"3792, rue Celine-Marier",Saint-Laurent,Montréal,45.501633,-73.727713,,,,,752400.0,2024,,Ville de Montréal — Données ouvertes,https://donnees.montreal.ca/dataset/taxes-municipales,,,,
"1350, rue Saint-Germain",Saint-Laurent,Montréal,45.518118,-73.685915,372.0,1948,,,562667.0,2026,Logement,Ville de Montréal — Données ouvertes,https://donnees.montreal.ca/dataset/taxes-municipales,,,,
"0, chemin Saint-Francois",Saint-Laurent,Montréal,45.482759,-73.744658,,,,,381600.0,2023,,Ville de Montréal — Données ouvertes,https://donnees.montreal.ca/dataset/taxes-municipales,,,,
"2430, rue Stevens",Saint-Laurent,Montréal,45.500441,-73.690561,483.0,1960,,,1017800.0,2025,Logement,Ville de Montréal — Données ouvertes,https://donnees.montreal.ca/dataset/taxes-municipales,,,,
"2321, rue Wilfrid-Reid",Saint-Laurent,Montréal,45.518611,-73.711139,98.0,2019,,,629933.0,2026,Logement,Ville de Montréal — Données ouvertes,https://donnees.montreal.ca/dataset/taxes-municipales,,,,
"1320, rue Saint-Germain",Saint-Laurent,Montréal,45.517867,-73.685548,279.0,1946,,,598400.0,2026,Logement,Ville de Montréal — Données ouvertes,https://donnees.montreal.ca/dataset/taxes-municipales,,,,
"1685, rue Grenet",Saint-Laurent,Montréal,45.518057,-73.696255,1539.0,1959,,,2446500.0,2022,Logement,Ville de Montréal — Données ouvertes,https://donnees.montreal.ca/dataset/taxes-municipales,,,,
"1275, rue Champigny",Saint-Laurent,Montréal,45.522888,-73.67775,395.0,1952,,,509533.0,2024,Logement,Ville de Montréal — Données ouvertes,https://donnees.montreal.ca/dataset/taxes-municipales,,,,
"950, rue Saint-Francois-Xavier",Saint-Laurent,Montréal,45.51506,-73.679546,,,,,684200.0,2025,,Ville de Montréal — Données ouvertes,https://donnees.montreal.ca/dataset/taxes-municipales,,,,
"3270, rue Achim",Saint-Laurent,Montréal,45.519775,-73.725255,544.0,1976,,,692300.0,2025,Logement,Ville de Montréal — Données ouvertes,https://donnees.montreal.ca/dataset/taxes-municipales,,,,
"5345, rue de Francheville",Saint-Léonard,Montréal,45.588987,-73.60375,471.0,1967,,,562967.0,2023,Logement,Ville de Montréal — Données ouvertes,https://donnees.montreal.ca/dataset/taxes-municipales,,,,
"6423, rue Belanger",Saint-Léonard,Montréal,45.588693,-73.568517,,,,,1145600.0,2025,,Ville de Montréal — Données ouvertes,https://donnees.montreal.ca/dataset/taxes-municipales,,,,
"9045, rue Jean-Marie-Lefebvre",Saint-Léonard,Montréal,45.591911,-73.60882,465.0,1976,,,493100.0,2022,Logement,Ville de Montréal — Données ouvertes,https://donnees.montreal.ca/dataset/taxes-municipales,,,,
"9150, rue Grandbois",Saint-Léonard,Montréal,45.595555,-73.608794,513.0,1960,,,569700.0,2025,Logement,Ville de Montréal — Données ouvertes,https://donnees.montreal.ca/dataset/taxes-municipales,,,,
"8980, rue Emile-Nelligan",Saint-Léonard,Montréal,45.586029,-73.612576,1090.0,1974,,,1098100.0,2024,Logement,Ville de Montréal — Données ouvertes,https://donnees.montreal.ca/dataset/taxes-municipales,,,,
"4280, rue de Naples",Saint-Léonard,Montréal,45.570062,-73.593909,314.0,1961,,,571233.0,2021,Logement,Ville de Montréal — Données ouvertes,https://donnees.montreal.ca/dataset/taxes-municipales,,,,
"8145, rue de Blois",Saint-Léonard,Montréal,45.577475,-73.600057,411.0,1970,,,835800.0,2023,Logement,Ville de Montréal — Données ouvertes,https://donnees.montreal.ca/dataset/taxes-municipales,,,,
"7275, rue d'Abancourt",Saint-Léonard,Montréal,45.577714,-73.582411,20.0,2021,,,237000.0,2023,Logement,Ville de Montréal — Données ouvertes,https://donnees.montreal.ca/dataset/taxes-municipales,,,,
"9260, rue Lionel-Groulx",Saint-Léonard,Montréal,45.585513,-73.620928,379.0,1986,,,521700.0,2021,Logement,Ville de Montréal — Données ouvertes,https://donnees.montreal.ca/dataset/taxes-municipales,,,,
"7355, rue Brucy",Saint-Léonard,Montréal,45.585839,-73.576979,332.0,1968,,,815400.0,2026,Logement,Ville de Montréal — Données ouvertes,https://donnees.montreal.ca/dataset/taxes-municipales,,,,
"7335, rue Brucy",Saint-Léonard,Montréal,45.585732,-73.576668,396.0,1968,,,999467.0,2026,Logement,Ville de Montréal — Données ouvertes,https://donnees.montreal.ca/dataset/taxes-municipales,,,,
"5085, rue d'Allet",Saint-Léonard,Montréal,45.586937,-73.60666,381.0,1968,,,858567.0,2026,Logement,Ville de Montréal — Données ouvertes,https://donnees.montreal.ca/dataset/taxes-municipales,,,,
"7440, rue Dumesnil",Saint-Léonard,Montréal,45.59136,-73.573733,474.0,1977,,,1157200.0,2025,Logement,Ville de Montréal — Données ouvertes,https://donnees.montreal.ca/dataset/taxes-municipales,,,,
"5310, rue Glandelet",Saint-Léonard,Montréal,45.588123,-73.602716,391.0,1966,,,634167.0,2023,Logement,Ville de Montréal — Données ouvertes,https://donnees.montreal.ca/dataset/taxes-municipales,,,,
"9265, rue Salvaye",Saint-Léonard,Montréal,45.593658,-73.613624,566.0,1973,,,519100.0,2023,Logement,Ville de Montréal — Données ouvertes,https://donnees.montreal.ca/dataset/taxes-municipales,,,,
"6380, rue Belherbe",Saint-Léonard,Montréal,45.598339,-73.591944,395.0,1974,,,819500.0,2025,Logement,Ville de Montréal — Données ouvertes,https://donnees.montreal.ca/dataset/taxes-municipales,,,,
"9046, rue du Long-Sault",Saint-Léonard,Montréal,45.588396,-73.612558,347.0,1971,,,802200.0,2025,Logement,Ville de Montréal — Données ouvertes,https://donnees.montreal.ca/dataset/taxes-municipales,,,,
"9242, rue Lionel-Groulx",Saint-Léonard,Montréal,45.585342,-73.620589,368.0,1987,,,633867.0,2021,Logement,Ville de Montréal — Données ouvertes,https://donnees.montreal.ca/dataset/taxes-municipales,,,,
"8930, rue Emile-Nelligan",Saint-Léonard,Montréal,45.585729,-73.611905,1080.0,1975,,,1146533.0,2024,Logement,Ville de Montréal — Données ouvertes,https://donnees.montreal.ca/dataset/taxes-municipales,,,,
"8165, rue Peguy",Saint-Léonard,Montréal,45.592005,-73.587453,,,,,484100.0,2021,,Ville de Montréal — Données ouvertes,https://donnees.montreal.ca/dataset/taxes-municipales,,,,
"9075, rue Jean-Marie-Lefebvre",Saint-Léonard,Montréal,45.592148,-73.609341,480.0,1977,,,512100.0,2022,Logement,Ville de Montréal — Données ouvertes,https://donnees.montreal.ca/dataset/taxes-municipales,,,,
"7360, rue Baudelaire",Saint-Léonard,Montréal,45.57362,-73.587718,359.0,1961,,,653967.0,2024,Logement,Ville de Montréal — Données ouvertes,https://donnees.montreal.ca/dataset/taxes-municipales,,,,
"8150, rue de Nice",Saint-Léonard,Montréal,45.576657,-73.600985,328.0,1965,,,628033.0,2023,Logement,Ville de Montréal — Données ouvertes,https://donnees.montreal.ca/dataset/taxes-municipales,,,,
"8831, boulevard Viau",Saint-Léonard,Montréal,45.585727,-73.608463,395.0,1971,,,995900.0,2025,Logement,Ville de Montréal — Données ouvertes,https://donnees.montreal.ca/dataset/taxes-municipales,,,,
"7140, boulevard Lacordaire",Saint-Léonard,Montréal,45.583469,-73.576017,390.0,1962,,,533033.0,2021,Logement,Ville de Montréal — Données ouvertes,https://donnees.montreal.ca/dataset/taxes-municipales,,,,
"6370, rue Sulte",Saint-Léonard,Montréal,45.595498,-73.586422,359.0,1967,,,507833.0,2021,Logement,Ville de Montréal — Données ouvertes,https://donnees.montreal.ca/dataset/taxes-municipales,,,,
"8810, rue de Nevers",Saint-Léonard,Montréal,45.58832,-73.605571,331.0,1968,,,780833.0,2026,Logement,Ville de Montréal — Données ouvertes,https://donnees.montreal.ca/dataset/taxes-municipales,,,,
"7400, rue Dumesnil",Saint-Léonard,Montréal,45.59097,-73.573303,595.0,1977,,,1345300.0,2025,Logement,Ville de Montréal — Données ouvertes,https://donnees.montreal.ca/dataset/taxes-municipales,,,,
"7130, boulevard Lacordaire",Saint-Léonard,Montréal,45.583464,-73.575679,390.0,1962,,,505567.0,2021,Logement,Ville de Montréal — Données ouvertes,https://donnees.montreal.ca/dataset/taxes-municipales,,,,
"8851, boulevard Viau",Saint-Léonard,Montréal,45.586314,-73.608604,390.0,1971,,,1001900.0,2025,Logement,Ville de Montréal — Données ouvertes,https://donnees.montreal.ca/dataset/taxes-municipales,,,,
"5075, rue d'Allet",Saint-Léonard,Montréal,45.586856,-73.606732,381.0,1968,,,860633.0,2026,Logement,Ville de Montréal — Données ouvertes,https://donnees.montreal.ca/dataset/taxes-municipales,,,,
"8980, boulevard Lacordaire",Saint-Léonard,Montréal,45.594553,-73.604859,530.0,1959,,,457600.0,2024,Logement,Ville de Montréal — Données ouvertes,https://donnees.montreal.ca/dataset/taxes-municipales,,,,
"5135, rue d'Allet",Saint-Léonard,Montréal,45.587374,-73.60626,320.0,1968,,,793467.0,2026,Logement,Ville de Montréal — Données ouvertes,https://donnees.montreal.ca/dataset/taxes-municipales,,,,
"7325, boulevard Lacordaire",Saint-Léonard,Montréal,45.583576,-73.578795,1210.0,1967,,,3221067.0,2026,Logement,Ville de Montréal — Données ouvertes,https://donnees.montreal.ca/dataset/taxes-municipales,,,,
"7160, boulevard Lacordaire",Saint-Léonard,Montréal,45.582998,-73.57652,351.0,1963,,,546700.0,2021,Logement,Ville de Montréal — Données ouvertes,https://donnees.montreal.ca/dataset/taxes-municipales,,,,
"6530, rue Jarry Est",Saint-Léonard,Montréal,45.595336,-73.580455,4292.0,1972,,,900000.0,2026,Autres entreposages,Ville de Montréal — Données ouvertes,https://donnees.montreal.ca/dataset/taxes-municipales,,,,
"9028, rue Chambon",Saint-Léonard,Montréal,45.599086,-73.602413,276.0,1971,,,482200.0,2023,Logement,Ville de Montréal — Données ouvertes,https://donnees.montreal.ca/dataset/taxes-municipales,,,,
"8275, boulevard Provencher",Saint-Léonard,Montréal,45.576392,-73.603722,328.0,1966,,,771700.0,2026,Logement,Ville de Montréal — Données ouvertes,https://donnees.montreal.ca/dataset/taxes-municipales,,,,
"8965, rue Jean-Marie-Lefebvre",Saint-Léonard,Montréal,45.591262,-73.607412,650.0,1976,,,692800.0,2022,Logement,Ville de Montréal — Données ouvertes,https://donnees.montreal.ca/dataset/taxes-municipales,,,,
"9010, rue Chenet",Saint-Léonard,Montréal,45.599509,-73.601691,282.0,1972,,,537833.0,2026,Logement,Ville de Montréal — Données ouvertes,https://donnees.montreal.ca/dataset/taxes-municipales,,,,
"5385, boulevard Robert",Saint-Léonard,Montréal,45.587104,-73.59851,379.0,1965,,,680800.0,2024,Logement,Ville de Montréal — Données ouvertes,https://donnees.montreal.ca/dataset/taxes-municipales,,,,
"8288, place Provencher",Saint-Léonard,Montréal,45.575806,-73.604622,434.0,1967,,,737800.0,2022,Logement,Ville de Montréal — Données ouvertes,https://donnees.montreal.ca/dataset/taxes-municipales,,,,
"9165, rue du Champ-d'Eau",Saint-Léonard,Montréal,45.607021,-73.598288,2563.0,2001,,,2711300.0,2022,Autres industries de produits manufacturés,Ville de Montréal — Données ouvertes,https://donnees.montreal.ca/dataset/taxes-municipales,,,,
"7425, rue Brucy",Saint-Léonard,Montréal,45.58619,-73.577996,332.0,1968,,,824400.0,2026,Logement,Ville de Montréal — Données ouvertes,https://donnees.montreal.ca/dataset/taxes-municipales,,,,
"9055, rue Jean-Marie-Lefebvre",Saint-Léonard,Montréal,45.591986,-73.608963,511.0,1976,,,677700.0,2022,Logement,Ville de Montréal — Données ouvertes,https://donnees.montreal.ca/dataset/taxes-municipales,,,,
"4325, rue de Naples",Saint-Léonard,Montréal,45.570635,-73.594061,330.0,1961,,,564400.0,2021,Logement,Ville de Montréal — Données ouvertes,https://donnees.montreal.ca/dataset/taxes-municipales,,,,
"9200, rue Lionel-Groulx",Saint-Léonard,Montréal,45.584999,-73.619817,418.0,1986,,,815500.0,2021,Logement,Ville de Montréal — Données ouvertes,https://donnees.montreal.ca/dataset/taxes-municipales,,,,
"5305, rue Jean-Talon Est",Saint-Léonard,Montréal,45.579239,-73.582369,3298.0,1964,,,900000.0,2025,Immeuble commercial,Ville de Montréal — Données ouvertes,https://donnees.montreal.ca/dataset/taxes-municipales,,,,
"5135, rue Jean-Talon Est",Saint-Léonard,Montréal,45.577601,-73.583342,3388.0,1976,,,900000.0,2025,Immeuble à bureaux,Ville de Montréal — Données ouvertes,https://donnees.montreal.ca/dataset/taxes-municipales,,,,
"8360, rue Pascal-Gagnon",Saint-Léonard,Montréal,45.599875,-73.583976,7422.0,1977,,,900000.0,2022,Immeuble commercial,Ville de Montréal — Données ouvertes,https://donnees.montreal.ca/dataset/taxes-municipales,,,,
"8855, rue Mauriac",Saint-Léonard,Montréal,45.595449,-73.601003,457.0,1965,,,641000.0,2026,Logement,Ville de Montréal — Données ouvertes,https://donnees.montreal.ca/dataset/taxes-municipales,,,,
"7485, rue Dollier",Saint-Léonard,Montréal,45.579464,-73.584874,410.0,1963,,,751000.0,2023,Logement,Ville de Montréal — Données ouvertes,https://donnees.montreal.ca/dataset/taxes-municipales,,,,
"4460, rue Jean-Rivard",Saint-Léonard,Montréal,45.576998,-73.603551,332.0,1967,,,573000.0,2022,Logement,Ville de Montréal — Données ouvertes,https://donnees.montreal.ca/dataset/taxes-municipales,,,,
"5125, rue d'Allet",Saint-Léonard,Montréal,45.587305,-73.60632,320.0,1968,,,787467.0,2026,Logement,Ville de Montréal — Données ouvertes,https://donnees.montreal.ca/dataset/taxes-municipales,,,,
"7210, boulevard Lacordaire",Saint-Léonard,Montréal,45.583024,-73.577225,351.0,1963,,,515767.0,2021,Logement,Ville de Montréal — Données ouvertes,https://donnees.montreal.ca/dataset/taxes-municipales,,,,
"7385, rue Brucy",Saint-Léonard,Montréal,45.58599,-73.577376,332.0,1968,,,824500.0,2026,Logement,Ville de Montréal — Données ouvertes,https://donnees.montreal.ca/dataset/taxes-municipales,,,,
"6393, rue Belanger",Saint-Léonard,Montréal,45.588185,-73.568794,,,,,1112100.0,2025,,Ville de Montréal — Données ouvertes,https://donnees.montreal.ca/dataset/taxes-municipales,,,,
"6130, place Lacombe",Saint-Léonard,Montréal,45.592138,-73.586462,745.0,1966,,,559567.0,2021,Logement,Ville de Montréal — Données ouvertes,https://donnees.montreal.ca/dataset/taxes-municipales,,,,
"5375, rue de Francheville",Saint-Léonard,Montréal,45.589224,-73.603525,477.0,1967,,,544900.0,2023,Logement,Ville de Montréal — Données ouvertes,https://donnees.montreal.ca/dataset/taxes-municipales,,,,
"9040, boulevard Lacordaire",Saint-Léonard,Montréal,45.595152,-73.60608,530.0,1959,,,427200.0,2024,Logement,Ville de Montréal — Données ouvertes,https://donnees.montreal.ca/dataset/taxes-municipales,,,,
"4315, rue de Naples",Saint-Léonard,Montréal,45.570558,-73.594127,308.0,1961,,,582300.0,2021,Logement,Ville de Montréal — Données ouvertes,https://donnees.montreal.ca/dataset/taxes-municipales,,,,
"5595, boulevard Robert",Saint-Léonard,Montréal,45.588879,-73.595732,650.0,1957,,,609400.0,2024,Logement,Ville de Montréal — Données ouvertes,https://donnees.montreal.ca/dataset/taxes-municipales,,,,
"8795, rue Mauriac",Saint-Léonard,Montréal,45.594739,-73.599425,465.0,1964,,,591500.0,2026,Logement,Ville de Montréal — Données ouvertes,https://donnees.montreal.ca/dataset/taxes-municipales,,,,
"7480, rue de Genes",Saint-Léonard,Montréal,45.569485,-73.593889,,,,,729233.0,2024,,Ville de Montréal — Données ouvertes,https://donnees.montreal.ca/dataset/taxes-municipales,,,,
"8885, rue Mauriac",Saint-Léonard,Montréal,45.59562,-73.601363,469.0,1965,,,716533.0,2026,Logement,Ville de Montréal — Données ouvertes,https://donnees.montreal.ca/dataset/taxes-municipales,,,,
"9060, rue Chambon",Saint-Léonard,Montréal,45.599468,-73.60324,276.0,1971,,,414700.0,2023,Logement,Ville de Montréal — Données ouvertes,https://donnees.montreal.ca/dataset/taxes-municipales,,,,
"8990, rue du Long-Sault",Saint-Léonard,Montréal,45.587834,-73.611301,460.0,1971,,,1042100.0,2025,Logement,Ville de Montréal — Données ouvertes,https://donnees.montreal.ca/dataset/taxes-municipales,,,,
"8861, boulevard Viau",Saint-Léonard,Montréal,45.58602,-73.609126,395.0,1970,,,971200.0,2025,Logement,Ville de Montréal — Données ouvertes,https://donnees.montreal.ca/dataset/taxes-municipales,,,,
"9040, rue Emile-Nelligan",Saint-Léonard,Montréal,45.586556,-73.61377,1109.0,1975,,,1123967.0,2024,Logement,Ville de Montréal — Données ouvertes,https://donnees.montreal.ca/dataset/taxes-municipales,,,,
"5810, rue Jeanne-Lajoie",Saint-Léonard,Montréal,45.593792,-73.599753,578.0,1964,,,785500.0,2025,Logement,Ville de Montréal — Données ouvertes,https://donnees.montreal.ca/dataset/taxes-municipales,,,,
"9226, rue Lionel-Groulx",Saint-Léonard,Montréal,45.585613,-73.620068,420.0,1986,,,624000.0,2021,Logement,Ville de Montréal — Données ouvertes,https://donnees.montreal.ca/dataset/taxes-municipales,,,,
"7491, rue Dollier",Saint-Léonard,Montréal,45.579164,-73.585305,378.0,1962,,,780900.0,2023,Logement,Ville de Montréal — Données ouvertes,https://donnees.montreal.ca/dataset/taxes-municipales,,,,
"9103, rue Copernic",Saint-Léonard,Montréal,45.583444,-73.618,538.0,1977,,,1015967.0,2023,Logement,Ville de Montréal — Données ouvertes,https://donnees.montreal.ca/dataset/taxes-municipales,,,,
"8480, rue du Champ-d'Eau",Saint-Léonard,Montréal,45.602055,-73.584887,5384.0,1989,,,900000.0,2022,Autres industries de produits manufacturés,Ville de Montréal — Données ouvertes,https://donnees.montreal.ca/dataset/taxes-municipales,,,,
"7365, rue Dollier",Saint-Léonard,Montréal,45.578781,-73.583314,325.0,1963,,,662900.0,2023,Logement,Ville de Montréal — Données ouvertes,https://donnees.montreal.ca/dataset/taxes-municipales,,,,
"0, rue de Chamilly",Saint-Léonard,Montréal,45.579096,-73.596394,,,,,322000.0,2022,,Ville de Montréal — Données ouvertes,https://donnees.montreal.ca/dataset/taxes-municipales,,,,
"7129, boulevard Lacordaire",Saint-Léonard,Montréal,45.583464,-73.575679,390.0,1962,,,682000.0,2026,Logement,Ville de Montréal — Données ouvertes,https://donnees.montreal.ca/dataset/taxes-municipales,,,,
"5091, rue de Lambarene",Saint-Léonard,Montréal,45.589725,-73.612858,,,,,909167.0,2024,,Ville de Montréal — Données ouvertes,https://donnees.montreal.ca/dataset/taxes-municipales,,,,
"7200, boulevard Lacordaire",Saint-Léonard,Montréal,45.583016,-73.577031,351.0,1963,,,536200.0,2021,Logement,Ville de Montréal — Données ouvertes,https://donnees.montreal.ca/dataset/taxes-municipales,,,,
"7145, boulevard Lacordaire",Saint-Léonard,Montréal,45.58348,-73.576216,390.0,1962,,,771267.0,2026,Logement,Ville de Montréal — Données ouvertes,https://donnees.montreal.ca/dataset/taxes-municipales,,,,
"5870, rue Jeanne-Lajoie",Saint-Léonard,Montréal,45.59446,-73.598864,472.0,1964,,,620000.0,2025,Logement,Ville de Montréal — Données ouvertes,https://donnees.montreal.ca/dataset/taxes-municipales,,,,
"7395, rue Brucy",Saint-Léonard,Montréal,45.586054,-73.577563,332.0,1968,,,800000.0,2026,Logement,Ville de Montréal — Données ouvertes,https://donnees.montreal.ca/dataset/taxes-municipales,,,,
"4965, rue Jean-Rivard",Saint-Léonard,Montréal,45.581605,-73.599039,371.0,1965,,,904600.0,2026,Logement,Ville de Montréal — Données ouvertes,https://donnees.montreal.ca/dataset/taxes-municipales,,,,
"8350, boulevard Provencher",Saint-Léonard,Montréal,45.576795,-73.604846,325.0,1968,,,577300.0,2022,Logement,Ville de Montréal — Données ouvertes,https://donnees.montreal.ca/dataset/taxes-municipales,,,,
"8261, rue Courval",Saint-Léonard,Montréal,45.596002,-73.586586,418.0,1969,,,561533.0,2021,Logement,Ville de Montréal — Données ouvertes,https://donnees.montreal.ca/dataset/taxes-municipales,,,,
"8955, rue Jean-Marie-Lefebvre",Saint-Léonard,Montréal,45.591187,-73.607199,557.0,1977,,,609300.0,2022,Logement,Ville de Montréal — Données ouvertes,https://donnees.montreal.ca/dataset/taxes-municipales,,,,
"8525, boulevard Lacordaire",Saint-Léonard,Montréal,45.588799,-73.597685,697.0,1964,,,491400.0,2024,Logement,Ville de Montréal — Données ouvertes,https://donnees.montreal.ca/dataset/taxes-municipales,,,,
"7550, rue de Genes",Saint-Léonard,Montréal,45.569968,-73.594979,,,,,694900.0,2024,,Ville de Montréal — Données ouvertes,https://donnees.montreal.ca/dataset/taxes-municipales,,,,
"8306, place Provencher",Saint-Léonard,Montréal,45.576167,-73.60465,459.0,1967,,,751100.0,2022,Logement,Ville de Montréal — Données ouvertes,https://donnees.montreal.ca/dataset/taxes-municipales,,,,
"5290, rue Glandelet",Saint-Léonard,Montréal,45.587938,-73.60291,391.0,1966,,,665433.0,2023,Logement,Ville de Montréal — Données ouvertes,https://donnees.montreal.ca/dataset/taxes-municipales,,,,
"8380, boulevard Provencher",Saint-Léonard,Montréal,45.577062,-73.605135,332.0,1966,,,537800.0,2022,Logement,Ville de Montréal — Données ouvertes,https://donnees.montreal.ca/dataset/taxes-municipales,,,,
"5115, rue de Lambarene",Saint-Léonard,Montréal,45.589964,-73.612631,,,,,911200.0,2024,,Ville de Montréal — Données ouvertes,https://donnees.montreal.ca/dataset/taxes-municipales,,,,
"5830, rue Jeanne-Lajoie",Saint-Léonard,Montréal,45.593937,-73.599363,541.0,1964,,,821900.0,2025,Logement,Ville de Montréal — Données ouvertes,https://donnees.montreal.ca/dataset/taxes-municipales,,,,
"9250, rue Salvaye",Saint-Léonard,Montréal,45.593161,-73.613643,570.0,1972,,,926533.0,2023,Logement,Ville de Montréal — Données ouvertes,https://donnees.montreal.ca/dataset/taxes-municipales,,,,
"4340, rue Jean-Rivard",Saint-Léonard,Montréal,45.576126,-73.605463,530.0,1967,,,854200.0,2026,Logement,Ville de Montréal — Données ouvertes,https://donnees.montreal.ca/dataset/taxes-municipales,,,,
"8990, rue de Coulanges",Saint-Léonard,Montréal,45.595657,-73.604052,494.0,1967,,,792967.0,2026,Logement,Ville de Montréal — Données ouvertes,https://donnees.montreal.ca/dataset/taxes-municipales,,,,
"7150, boulevard Lacordaire",Saint-Léonard,Montréal,45.582994,-73.576316,351.0,1963,,,529800.0,2021,Logement,Ville de Montréal — Données ouvertes,https://donnees.montreal.ca/dataset/taxes-municipales,,,,
"8200, rue de Nice",Saint-Léonard,Montréal,45.576918,-73.601585,351.0,1965,,,590300.0,2023,Logement,Ville de Montréal — Données ouvertes,https://donnees.montreal.ca/dataset/taxes-municipales,,,,
"9254, rue Lionel-Groulx",Saint-Léonard,Montréal,45.58545,-73.620801,293.0,1985,,,447767.0,2021,Logement,Ville de Montréal — Données ouvertes,https://donnees.montreal.ca/dataset/taxes-municipales,,,,
"9020, boulevard Lacordaire",Saint-Léonard,Montréal,45.594966,-73.605688,530.0,1959,,,429100.0,2024,Logement,Ville de Montréal — Données ouvertes,https://donnees.montreal.ca/dataset/taxes-municipales,,,,
"9060, boulevard Lacordaire",Saint-Léonard,Montréal,45.595301,-73.606484,530.0,1960,,,465100.0,2024,Logement,Ville de Montréal — Données ouvertes,https://donnees.montreal.ca/dataset/taxes-municipales,,,,
"6390, rue Belherbe",Saint-Léonard,Montréal,45.598426,-73.591859,567.0,1974,,,1048000.0,2025,Logement,Ville de Montréal — Données ouvertes,https://donnees.montreal.ca/dataset/taxes-municipales,,,,
"5385, rue de Francheville",Saint-Léonard,Montréal,45.589346,-73.603427,494.0,1967,,,270067.0,2023,Logement,Ville de Montréal — Données ouvertes,https://donnees.montreal.ca/dataset/taxes-municipales,,,,
"9140, rue Lionel-Groulx",Saint-Léonard,Montréal,45.584801,-73.618219,455.0,2005,,,794500.0,2021,Logement,Ville de Montréal — Données ouvertes,https://donnees.montreal.ca/dataset/taxes-municipales,,,,
"5807, rue Belanger",Saint-Léonard,Montréal,45.58204,-73.573392,,,,,232000.0,2025,,Ville de Montréal — Données ouvertes,https://donnees.montreal.ca/dataset/taxes-municipales,,,,
"7050, rue Lienart",Saint-Léonard,Montréal,45.585116,-73.571721,,,,,1019200.0,2023,,Ville de Montréal — Données ouvertes,https://donnees.montreal.ca/dataset/taxes-municipales,,,,
"8830, rue de Nevers",Saint-Léonard,Montréal,45.588448,-73.605873,402.0,1968,,,965033.0,2026,Logement,Ville de Montréal — Données ouvertes,https://donnees.montreal.ca/dataset/taxes-municipales,,,,
"9120, rue du Long-Sault",Saint-Léonard,Montréal,45.588807,-73.613466,413.0,1971,,,898100.0,2024,Logement,Ville de Montréal — Données ouvertes,https://donnees.montreal.ca/dataset/taxes-municipales,,,,
"5101, rue de Lambarene",Saint-Léonard,Montréal,45.589826,-73.612761,,,,,914533.0,2024,,Ville de Montréal — Données ouvertes,https://donnees.montreal.ca/dataset/taxes-municipales,,,,
"7365, rue Brucy",Saint-Léonard,Montréal,45.585883,-73.577084,332.0,1968,,,823567.0,2026,Logement,Ville de Montréal — Données ouvertes,https://donnees.montreal.ca/dataset/taxes-municipales,,,,
"8785, rue de Coulanges",Saint-Léonard,Montréal,45.594171,-73.599787,502.0,1965,,,660300.0,2025,Logement,Ville de Montréal — Données ouvertes,https://donnees.montreal.ca/dataset/taxes-municipales,,,,
"4390, rue Jean-Rivard",Saint-Léonard,Montréal,45.576413,-73.60477,335.0,1967,,,825400.0,2026,Logement,Ville de Montréal — Données ouvertes,https://donnees.montreal.ca/dataset/taxes-municipales,,,,
"9255, rue Salvaye",Saint-Léonard,Montréal,45.593589,-73.613418,552.0,1973,,,607833.0,2023,Logement,Ville de Montréal — Données ouvertes,https://donnees.montreal.ca/dataset/taxes-municipales,,,,
"8865, rue Mauriac",Saint-Léonard,Montréal,45.595539,-73.60117,469.0,1965,,,745000.0,2026,Logement,Ville de Montréal — Données ouvertes,https://donnees.montreal.ca/dataset/taxes-municipales,,,,
"8805, rue Mauriac",Saint-Léonard,Montréal,45.594816,-73.599624,465.0,1965,,,625967.0,2026,Logement,Ville de Montréal — Données ouvertes,https://donnees.montreal.ca/dataset/taxes-municipales,,,,
"6116, place Lacombe",Saint-Léonard,Montréal,45.592171,-73.587128,418.0,1967,,,377033.0,2021,Logement,Ville de Montréal — Données ouvertes,https://donnees.montreal.ca/dataset/taxes-municipales,,,,
"4325, rue J.-B.-Martineau",Saint-Léonard,Montréal,45.58557,-73.627753,5613.0,1996,,,881800.0,2025,Garage et équipement d'entretien pour le transport par camion (incluant garages municipaux),Ville de Montréal — Données ouvertes,https://donnees.montreal.ca/dataset/taxes-municipales,,,,
"9040, rue du Long-Sault",Saint-Léonard,Montréal,45.588348,-73.612432,347.0,1971,,,797900.0,2025,Logement,Ville de Montréal — Données ouvertes,https://donnees.montreal.ca/dataset/taxes-municipales,,,,
"5850, rue Jeanne-Lajoie",Saint-Léonard,Montréal,45.594198,-73.599108,472.0,1964,,,601700.0,2025,Logement,Ville de Montréal — Données ouvertes,https://donnees.montreal.ca/dataset/taxes-municipales,,,,
"9073, rue Emile-Nelligan",Saint-Léonard,Montréal,45.586847,-73.614415,1118.0,1975,,,1014167.0,2024,Logement,Ville de Montréal — Données ouvertes,https://donnees.montreal.ca/dataset/taxes-municipales,,,,
"9095, rue Chenet",Saint-Léonard,Montréal,45.600461,-73.602847,287.0,1971,,,493967.0,2026,Logement,Ville de Montréal — Données ouvertes,https://donnees.montreal.ca/dataset/taxes-municipales,,,,
"5075, rue de Lambarene",Saint-Léonard,Montréal,45.589589,-73.61297,,,,,924200.0,2024,,Ville de Montréal — Données ouvertes,https://donnees.montreal.ca/dataset/taxes-municipales,,,,
"9071, rue Chenet",Saint-Léonard,Montréal,45.600352,-73.602606,275.0,1971,,,495433.0,2026,Logement,Ville de Montréal — Données ouvertes,https://donnees.montreal.ca/dataset/taxes-municipales,,,,
"7560, rue de Genes",Saint-Léonard,Montréal,45.570011,-73.59508,,,,,694900.0,2024,,Ville de Montréal — Données ouvertes,https://donnees.montreal.ca/dataset/taxes-municipales,,,,
"8645, boulevard Lacordaire",Saint-Léonard,Montréal,45.590556,-73.599123,530.0,1958,,,478400.0,2024,Logement,Ville de Montréal — Données ouvertes,https://donnees.montreal.ca/dataset/taxes-municipales,,,,
"4360, rue Jean-Rivard",Saint-Léonard,Montréal,45.576265,-73.605184,452.0,1967,,,969600.0,2026,Logement,Ville de Montréal — Données ouvertes,https://donnees.montreal.ca/dataset/taxes-municipales,,,,
"8985, rue Jean-Marie-Lefebvre",Saint-Léonard,Montréal,45.591364,-73.607651,609.0,1977,,,690900.0,2022,Logement,Ville de Montréal — Données ouvertes,https://donnees.montreal.ca/dataset/taxes-municipales,,,,
"5065, rue de Lambarene",Saint-Léonard,Montréal,45.589483,-73.613064,,,,,924200.0,2024,,Ville de Montréal — Données ouvertes,https://donnees.montreal.ca/dataset/taxes-municipales,,,,
"8655, boulevard Lacordaire",Saint-Léonard,Montréal,45.590683,-73.599238,530.0,1958,,,466600.0,2024,Logement,Ville de Montréal — Données ouvertes,https://donnees.montreal.ca/dataset/taxes-municipales,,,,
"4500, rue Jean-Rivard",Saint-Léonard,Montréal,45.577273,-73.603014,332.0,1967,,,570400.0,2022,Logement,Ville de Montréal — Données ouvertes,https://donnees.montreal.ca/dataset/taxes-municipales,,,,
"7380, rue Dumesnil",Saint-Léonard,Montréal,45.590836,-73.573161,474.0,1977,,,1034500.0,2025,Logement,Ville de Montréal — Données ouvertes,https://donnees.montreal.ca/dataset/taxes-municipales,,,,
"4490, rue Jean-Rivard",Saint-Léonard,Montréal,45.577183,-73.603178,332.0,1967,,,626300.0,2022,Logement,Ville de Montréal — Données ouvertes,https://donnees.montreal.ca/dataset/taxes-municipales,,,,
"9052, rue du Long-Sault",Saint-Léonard,Montréal,45.58847,-73.612715,347.0,1971,,,801500.0,2025,Logement,Ville de Montréal — Données ouvertes,https://donnees.montreal.ca/dataset/taxes-municipales,,,,
"5365, boulevard Robert",Saint-Léonard,Montréal,45.587047,-73.598699,359.0,1965,,,698933.0,2024,Logement,Ville de Montréal — Données ouvertes,https://donnees.montreal.ca/dataset/taxes-municipales,,,,
"5395, boulevard Robert",Saint-Léonard,Montréal,45.587149,-73.598392,383.0,1965,,,678333.0,2024,Logement,Ville de Montréal — Données ouvertes,https://donnees.montreal.ca/dataset/taxes-municipales,,,,
"9063, rue Chenet",Saint-Léonard,Montréal,45.600307,-73.602513,275.0,1971,,,487600.0,2026,Logement,Ville de Montréal — Données ouvertes,https://donnees.montreal.ca/dataset/taxes-municipales,,,,
"5840, rue Jarry Est",Saint-Léonard,Montréal,45.588015,-73.586551,64.0,2020,,,309000.0,2021,Logement,Ville de Montréal — Données ouvertes,https://donnees.montreal.ca/dataset/taxes-municipales,,,,
"9280, rue Grandbois",Saint-Léonard,Montréal,45.596882,-73.611229,509.0,1968,,,550700.0,2025,Logement,Ville de Montréal — Données ouvertes,https://donnees.montreal.ca/dataset/taxes-municipales,,,,
"9036, rue Chambon",Saint-Léonard,Montréal,45.599192,-73.602648,276.0,1971,,,418067.0,2023,Logement,Ville de Montréal — Données ouvertes,https://donnees.montreal.ca/dataset/taxes-municipales,,,,
"8695, boulevard Lacordaire",Saint-Léonard,Montréal,45.591263,-73.599832,530.0,1958,,,421267.0,2024,Logement,Ville de Montréal — Données ouvertes,https://donnees.montreal.ca/dataset/taxes-municipales,,,,
"6413, rue Belanger",Saint-Léonard,Montréal,45.588512,-73.568614,,,,,1097800.0,2025,,Ville de Montréal — Données ouvertes,https://donnees.montreal.ca/dataset/taxes-municipales,,,,
"9110, rue Chambon",Saint-Léonard,Montréal,45.599722,-73.603803,283.0,1971,,,405833.0,2023,Logement,Ville de Montréal — Données ouvertes,https://donnees.montreal.ca/dataset/taxes-municipales,,,,
"9010, rue Copernic",Saint-Léonard,Montréal,45.582675,-73.616283,502.0,1977,,,928967.0,2023,Logement,Ville de Montréal — Données ouvertes,https://donnees.montreal.ca/dataset/taxes-municipales,,,,
"5525, boulevard Robert",Saint-Léonard,Montréal,45.588237,-73.596241,650.0,1957,,,996067.0,2024,Logement,Ville de Montréal — Données ouvertes,https://donnees.montreal.ca/dataset/taxes-municipales,,,,
"9083, rue Copernic",Saint-Léonard,Montréal,45.583257,-73.617565,508.0,1976,,,1011000.0,2023,Logement,Ville de Montréal — Données ouvertes,https://donnees.montreal.ca/dataset/taxes-municipales,,,,
"6320, rue Sulte",Saint-Léonard,Montréal,45.59501,-73.586861,359.0,1967,,,522767.0,2021,Logement,Ville de Montréal — Données ouvertes,https://donnees.montreal.ca/dataset/taxes-municipales,,,,
"7330, rue Dumesnil",Saint-Léonard,Montréal,45.59032,-73.572583,580.0,1977,,,1222900.0,2025,Logement,Ville de Montréal — Données ouvertes,https://donnees.montreal.ca/dataset/taxes-municipales,,,,
"4580, rue Jean-Rivard",Saint-Léonard,Montréal,45.57783,-73.60185,403.0,1971,,,770200.0,2022,Logement,Ville de Montréal — Données ouvertes,https://donnees.montreal.ca/dataset/taxes-municipales,,,,
"8823, boulevard Viau",Saint-Léonard,Montréal,45.586111,-73.608175,329.0,1971,,,853000.0,2025,Logement,Ville de Montréal — Données ouvertes,https://donnees.montreal.ca/dataset/taxes-municipales,,,,
"9014, rue du Long-Sault",Saint-Léonard,Montréal,45.588031,-73.611718,347.0,1971,,,840400.0,2025,Logement,Ville de Montréal — Données ouvertes,https://donnees.montreal.ca/dataset/taxes-municipales,,,,
"9000, rue du Long-Sault",Saint-Léonard,Montréal,45.587897,-73.611441,347.0,1971,,,794100.0,2025,Logement,Ville de Montréal — Données ouvertes,https://donnees.montreal.ca/dataset/taxes-municipales,,,,
"8005, boulevard Langelier",Saint-Léonard,Montréal,45.595001,-73.580866,2416.0,2005,,,900000.0,2026,"Restaurant et établissement avec service complet (avec terrasse) - Établissements avec permis alcool, inclus pub,café et brasserie",Ville de Montréal — Données ouvertes,https://donnees.montreal.ca/dataset/taxes-municipales,,,,
"5380, rue Glandelet",Saint-Léonard,Montréal,45.588645,-73.602209,479.0,1966,,,569867.0,2023,Logement,Ville de Montréal — Données ouvertes,https://donnees.montreal.ca/dataset/taxes-municipales,,,,
"9245, rue Salvaye",Saint-Léonard,Montréal,45.593499,-73.613242,552.0,1969,,,642767.0,2023,Logement,Ville de Montréal — Données ouvertes,https://donnees.montreal.ca/dataset/taxes-municipales,,,,
"7580, rue de Genes",Saint-Léonard,Montréal,45.570134,-73.595367,,,,,694900.0,2024,,Ville de Montréal — Données ouvertes,https://donnees.montreal.ca/dataset/taxes-municipales,,,,
"9065, rue Jean-Marie-Lefebvre",Saint-Léonard,Montréal,45.592074,-73.609157,511.0,1979,,,645200.0,2022,Logement,Ville de Montréal — Données ouvertes,https://donnees.montreal.ca/dataset/taxes-municipales,,,,
"7350, rue Baudelaire",Saint-Léonard,Montréal,45.573576,-73.587622,359.0,1961,,,653967.0,2024,Logement,Ville de Montréal — Données ouvertes,https://donnees.montreal.ca/dataset/taxes-municipales,,,,
"5065, rue Leo-Ouellet",Saint-Léonard,Montréal,45.591719,-73.619001,418.0,2004,,,1018500.0,2025,Logement,Ville de Montréal — Données ouvertes,https://donnees.montreal.ca/dataset/taxes-municipales,,,,
"7335, boulevard Lacordaire",Saint-Léonard,Montréal,45.583553,-73.579447,2423.0,1967,,,6511067.0,2026,Logement,Ville de Montréal — Données ouvertes,https://donnees.montreal.ca/dataset/taxes-municipales,,,,
"5940, rue Charmenil",Saint-Léonard,Montréal,45.585539,-73.577344,483.0,1967,,,1017167.0,2026,Logement,Ville de Montréal — Données ouvertes,https://donnees.montreal.ca/dataset/taxes-municipales,,,,
"8265, boulevard Provencher",Saint-Léonard,Montréal,45.576316,-73.603669,374.0,1966,,,796567.0,2026,Logement,Ville de Montréal — Données ouvertes,https://donnees.montreal.ca/dataset/taxes-municipales,,,,
"9225, rue Salvaye",Saint-Léonard,Montréal,45.59333,-73.612913,552.0,1969,,,520500.0,2023,Logement,Ville de Montréal — Données ouvertes,https://donnees.montreal.ca/dataset/taxes-municipales,,,,
"8675, boulevard Lacordaire",Saint-Léonard,Montréal,45.591002,-73.599578,530.0,1958,,,508233.0,2024,Logement,Ville de Montréal — Données ouvertes,https://donnees.montreal.ca/dataset/taxes-municipales,,,,
"8285, boulevard Provencher",Saint-Léonard,Montréal,45.576512,-73.603851,328.0,1966,,,812633.0,2026,Logement,Ville de Montréal — Données ouvertes,https://donnees.montreal.ca/dataset/taxes-municipales,,,,
"5840, rue Jeanne-Lajoie",Saint-Léonard,Montréal,45.594079,-73.599225,472.0,1964,,,544000.0,2025,Logement,Ville de Montréal — Données ouvertes,https://donnees.montreal.ca/dataset/taxes-municipales,,,,
"12220, rue Saint-Pierre",L'Île-Bizard–Sainte-Geneviève,Montréal,45.485807,-73.860647,354.0,1955,,,169500.0,2026,Logement,Ville de Montréal — Données ouvertes,https://donnees.montreal.ca/dataset/taxes-municipales,,,,
"12, avenue Charron",L'Île-Bizard–Sainte-Geneviève,Montréal,45.486035,-73.873449,521.0,1946,,,438000.0,2024,Logement,Ville de Montréal — Données ouvertes,https://donnees.montreal.ca/dataset/taxes-municipales,,,,
"316, rue Beaulieu",L'Île-Bizard–Sainte-Geneviève,Montréal,45.498558,-73.869545,525.0,1983,,,521067.0,2026,Logement,Ville de Montréal — Données ouvertes,https://donnees.montreal.ca/dataset/taxes-municipales,,,,
"636, rue de Saint-Malo Est",L'Île-Bizard–Sainte-Geneviève,Montréal,45.502979,-73.86795,512.0,1987,,,604000.0,2026,Logement,Ville de Montréal — Données ouvertes,https://donnees.montreal.ca/dataset/taxes-municipales,,,,
"15790, rue de la Caserne",L'Île-Bizard–Sainte-Geneviève,Montréal,45.480865,-73.868122,926.0,1926,,,517967.0,2024,Logement,Ville de Montréal — Données ouvertes,https://donnees.montreal.ca/dataset/taxes-municipales,,,,
"471, rue Closse",L'Île-Bizard–Sainte-Geneviève,Montréal,45.49292,-73.872308,266.0,1977,,,471900.0,2026,Logement,Ville de Montréal — Données ouvertes,https://donnees.montreal.ca/dataset/taxes-municipales,,,,
"21, rue Chaumette",L'Île-Bizard–Sainte-Geneviève,Montréal,45.480393,-73.88497,826.0,1976,,,506200.0,2025,Logement,Ville de Montréal — Données ouvertes,https://donnees.montreal.ca/dataset/taxes-municipales,,,,
"412, rue Charles-Renaud",L'Île-Bizard–Sainte-Geneviève,Montréal,45.494235,-73.870556,609.0,1979,,,595667.0,2024,Logement,Ville de Montréal — Données ouvertes,https://donnees.montreal.ca/dataset/taxes-municipales,,,,
"1040, avenue Theoret",L'Île-Bizard–Sainte-Geneviève,Montréal,45.503158,-73.911225,,,,,428500.0,2024,,Ville de Montréal — Données ouvertes,https://donnees.montreal.ca/dataset/taxes-municipales,,,,
"160, rue Pierre-Foretier",L'Île-Bizard–Sainte-Geneviève,Montréal,45.499052,-73.865613,793.0,1981,,,562700.0,2022,Logement,Ville de Montréal — Données ouvertes,https://donnees.montreal.ca/dataset/taxes-municipales,,,,
"61, rue Cardinal",L'Île-Bizard–Sainte-Geneviève,Montréal,45.481843,-73.883019,591.0,1976,,,298000.0,2024,Logement,Ville de Montréal — Données ouvertes,https://donnees.montreal.ca/dataset/taxes-municipales,,,,
"83, rue Richard",L'Île-Bizard–Sainte-Geneviève,Montréal,45.477645,-73.89432,735.0,1966,,,560233.0,2026,Logement,Ville de Montréal — Données ouvertes,https://donnees.montreal.ca/dataset/taxes-municipales,,,,
"50, rue Lavigne",L'Île-Bizard–Sainte-Geneviève,Montréal,45.474897,-73.872774,472.0,1955,,,271700.0,2025,Logement,Ville de Montréal — Données ouvertes,https://donnees.montreal.ca/dataset/taxes-municipales,,,,
"10, rue Belair",L'Île-Bizard–Sainte-Geneviève,Montréal,45.500349,-73.918905,,,,,1312300.0,2025,,Ville de Montréal — Données ouvertes,https://donnees.montreal.ca/dataset/taxes-municipales,,,,
"6, rue Belair",L'Île-Bizard–Sainte-Geneviève,Montréal,45.499988,-73.918034,,,,,1649600.0,2025,,Ville de Montréal — Données ouvertes,https://donnees.montreal.ca/dataset/taxes-municipales,,,,
"73, rue Cardinal",L'Île-Bizard–Sainte-Geneviève,Montréal,45.482325,-73.884226,798.0,1986,,,430633.0,2024,Logement,Ville de Montréal — Données ouvertes,https://donnees.montreal.ca/dataset/taxes-municipales,,,,
"447, rue Closse",L'Île-Bizard–Sainte-Geneviève,Montréal,45.492527,-73.871782,179.0,1977,,,422233.0,2026,Logement,Ville de Montréal — Données ouvertes,https://donnees.montreal.ca/dataset/taxes-municipales,,,,
"8, rue de Chateauneuf",L'Île-Bizard–Sainte-Geneviève,Montréal,45.510937,-73.90048,,,,,1283000.0,2022,,Ville de Montréal — Données ouvertes,https://donnees.montreal.ca/dataset/taxes-municipales,,,,
"445, rue Ouimet",L'Île-Bizard–Sainte-Geneviève,Montréal,45.490442,-73.878837,529.0,1974,,,684433.0,2026,Logement,Ville de Montréal — Données ouvertes,https://donnees.montreal.ca/dataset/taxes-municipales,,,,
"16601, terrasse Richelieu",L'Île-Bizard–Sainte-Geneviève,Montréal,45.472898,-73.873249,954.0,1975,,,1069933.0,2021,Logement,Ville de Montréal — Données ouvertes,https://donnees.montreal.ca/dataset/taxes-municipales,,,,
"320, rue Beaulieu",L'Île-Bizard–Sainte-Geneviève,Montréal,45.498336,-73.869911,769.0,1983,,,633467.0,2026,Logement,Ville de Montréal — Données ouvertes,https://donnees.montreal.ca/dataset/taxes-municipales,,,,
"772, rue Pierre-Marc-Masson",L'Île-Bizard–Sainte-Geneviève,Montréal,45.49181,-73.889842,341.0,2011,,,556833.0,2026,Logement,Ville de Montréal — Données ouvertes,https://donnees.montreal.ca/dataset/taxes-municipales,,,,
"3271, boulevard Chevremont",L'Île-Bizard–Sainte-Geneviève,Montréal,45.497874,-73.872914,1120.0,1986,,,926100.0,2025,Logement,Ville de Montréal — Données ouvertes,https://donnees.montreal.ca/dataset/taxes-municipales,,,,
"1077, rue Saint-Roch",L'Île-Bizard–Sainte-Geneviève,Montréal,45.50923,-73.903326,585.0,2007,,,261167.0,2024,Logement,Ville de Montréal — Données ouvertes,https://donnees.montreal.ca/dataset/taxes-municipales,,,,
"910, rue Thibaudeau",L'Île-Bizard–Sainte-Geneviève,Montréal,45.498858,-73.880099,528.0,1989,,,694500.0,2025,Logement,Ville de Montréal — Données ouvertes,https://donnees.montreal.ca/dataset/taxes-municipales,,,,
"304, rue Ladouceur",L'Île-Bizard–Sainte-Geneviève,Montréal,45.493663,-73.867377,668.0,1975,,,398500.0,2022,Logement,Ville de Montréal — Données ouvertes,https://donnees.montreal.ca/dataset/taxes-municipales,,,,
"451, rue Closse",L'Île-Bizard–Sainte-Geneviève,Montréal,45.492614,-73.871884,175.0,1977,,,411767.0,2026,Logement,Ville de Montréal — Données ouvertes,https://donnees.montreal.ca/dataset/taxes-municipales,,,,
"366, rue Louise-Major",L'Île-Bizard–Sainte-Geneviève,Montréal,45.490823,-73.888135,1662.0,2023,,,1440000.0,2025,Logement,Ville de Montréal — Données ouvertes,https://donnees.montreal.ca/dataset/taxes-municipales,,,,
"0, rue Richard",L'Île-Bizard–Sainte-Geneviève,Montréal,45.476291,-73.861253,,,,,10833.0,2021,,Ville de Montréal — Données ouvertes,https://donnees.montreal.ca/dataset/taxes-municipales,,,,
"175, rue des Bergeres",L'Île-Bizard–Sainte-Geneviève,Montréal,45.498126,-73.880624,,,,,551700.0,2025,,Ville de Montréal — Données ouvertes,https://donnees.montreal.ca/dataset/taxes-municipales,,,,
"149, rue Beaulieu",L'Île-Bizard–Sainte-Geneviève,Montréal,45.472246,-73.877542,635.0,1934,,,518300.0,2025,Logement,Ville de Montréal — Données ouvertes,https://donnees.montreal.ca/dataset/taxes-municipales,,,,
"627, rue Cherrier",L'Île-Bizard–Sainte-Geneviève,Montréal,45.483799,-73.883566,1421.0,1858,,,419333.0,2024,Logement,Ville de Montréal — Données ouvertes,https://donnees.montreal.ca/dataset/taxes-municipales,,,,
"907, rue Thibaudeau",L'Île-Bizard–Sainte-Geneviève,Montréal,45.498502,-73.880369,618.0,1987,,,741300.0,2025,Logement,Ville de Montréal — Données ouvertes,https://donnees.montreal.ca/dataset/taxes-municipales,,,,
"365, rue Dubuisson",L'Île-Bizard–Sainte-Geneviève,Montréal,45.497878,-73.882936,581.0,1987,,,541200.0,2022,Logement,Ville de Montréal — Données ouvertes,https://donnees.montreal.ca/dataset/taxes-municipales,,,,
"26, croissant Thibaudeau",L'Île-Bizard–Sainte-Geneviève,Montréal,45.499609,-73.881918,669.0,1989,,,721200.0,2025,Logement,Ville de Montréal — Données ouvertes,https://donnees.montreal.ca/dataset/taxes-municipales,,,,
"593, rue Cherrier",L'Île-Bizard–Sainte-Geneviève,Montréal,45.484714,-73.881892,1154.0,1950,,,346133.0,2024,Logement,Ville de Montréal — Données ouvertes,https://donnees.montreal.ca/dataset/taxes-municipales,,,,
"439, rue Closse",L'Île-Bizard–Sainte-Geneviève,Montréal,45.492346,-73.871639,180.0,1977,,,402733.0,2026,Logement,Ville de Montréal — Données ouvertes,https://donnees.montreal.ca/dataset/taxes-municipales,,,,
"550, rue du Port-Saint-Malo",L'Île-Bizard–Sainte-Geneviève,Montréal,45.50379,-73.868567,512.0,1990,,,579367.0,2026,Logement,Ville de Montréal — Données ouvertes,https://donnees.montreal.ca/dataset/taxes-municipales,,,,
"15700, boulevard Gouin Ouest",L'Île-Bizard–Sainte-Geneviève,Montréal,45.482316,-73.868494,1254.0,1966,,,750000.0,2021,Service dentaire (inclus chirurgie et hygiène),Ville de Montréal — Données ouvertes,https://donnees.montreal.ca/dataset/taxes-municipales,,,,
"402, rue Charles-Renaud",L'Île-Bizard–Sainte-Geneviève,Montréal,45.4939,-73.871505,513.0,1979,,,569667.0,2024,Logement,Ville de Montréal — Données ouvertes,https://donnees.montreal.ca/dataset/taxes-municipales,,,,
"214, rue Fers-de-Lys",L'Île-Bizard–Sainte-Geneviève,Montréal,45.489209,-73.888097,710.0,2012,,,812500.0,2025,Logement,Ville de Montréal — Données ouvertes,https://donnees.montreal.ca/dataset/taxes-municipales,,,,
"395, rue Dubuisson",L'Île-Bizard–Sainte-Geneviève,Montréal,45.498318,-73.883411,684.0,1988,,,441000.0,2022,Logement,Ville de Montréal — Données ouvertes,https://donnees.montreal.ca/dataset/taxes-municipales,,,,
"15, rue Robert",L'Île-Bizard–Sainte-Geneviève,Montréal,45.492197,-73.884024,884.0,1970,,,421100.0,2021,Logement,Ville de Montréal — Données ouvertes,https://donnees.montreal.ca/dataset/taxes-municipales,,,,
"67, rue de la Plage-Riviera",L'Île-Bizard–Sainte-Geneviève,Montréal,45.47329,-73.876734,859.0,1985,,,914733.0,2023,Logement,Ville de Montréal — Données ouvertes,https://donnees.montreal.ca/dataset/taxes-municipales,,,,
"1011, rue Bellevue",L'Île-Bizard–Sainte-Geneviève,Montréal,45.506894,-73.870178,714.0,2001,,,827700.0,2026,Logement,Ville de Montréal — Données ouvertes,https://donnees.montreal.ca/dataset/taxes-municipales,,,,
"528, rue Macquet",L'Île-Bizard–Sainte-Geneviève,Montréal,45.497215,-73.873882,643.0,1985,,,589500.0,2025,Logement,Ville de Montréal — Données ouvertes,https://donnees.montreal.ca/dataset/taxes-municipales,,,,
"485, rue Pierre-Boileau",L'Île-Bizard–Sainte-Geneviève,Montréal,45.497291,-73.870226,576.0,1975,,,400100.0,2022,Logement,Ville de Montréal — Données ouvertes,https://donnees.montreal.ca/dataset/taxes-municipales,,,,
"374, avenue Charron",L'Île-Bizard–Sainte-Geneviève,Montréal,45.486067,-73.872231,670.0,1977,,,862467.0,2024,Logement,Ville de Montréal — Données ouvertes,https://donnees.montreal.ca/dataset/taxes-municipales,,,,
"15431, boulevard Gouin Ouest",L'Île-Bizard–Sainte-Geneviève,Montréal,45.484727,-73.865923,646.0,1951,,,557733.0,2024,Logement,Ville de Montréal — Données ouvertes,https://donnees.montreal.ca/dataset/taxes-municipales,,,,
"210, rue Bouchette",L'Île-Bizard–Sainte-Geneviève,Montréal,45.497449,-73.881092,559.0,1987,,,682800.0,2025,Logement,Ville de Montréal — Données ouvertes,https://donnees.montreal.ca/dataset/taxes-municipales,,,,
"188, rue Pierre-Foretier",L'Île-Bizard–Sainte-Geneviève,Montréal,45.499461,-73.865361,580.0,1981,,,465500.0,2022,Logement,Ville de Montréal — Données ouvertes,https://donnees.montreal.ca/dataset/taxes-municipales,,,,
"292, avenue des Hetres",L'Île-Bizard–Sainte-Geneviève,Montréal,45.515955,-73.864362,,,,,428333.0,2021,,Ville de Montréal — Données ouvertes,https://donnees.montreal.ca/dataset/taxes-municipales,,,,
"170, rue Saint-Joseph",L'Île-Bizard–Sainte-Geneviève,Montréal,45.482538,-73.870226,486.0,1850,,,285800.0,2024,Logement,Ville de Montréal — Données ouvertes,https://donnees.montreal.ca/dataset/taxes-municipales,,,,
"53, rue Robert",L'Île-Bizard–Sainte-Geneviève,Montréal,45.494631,-73.887408,1177.0,1974,,,443700.0,2022,Logement,Ville de Montréal — Données ouvertes,https://donnees.montreal.ca/dataset/taxes-municipales,,,,
"220, rue Fers-de-Lys",L'Île-Bizard–Sainte-Geneviève,Montréal,45.489779,-73.888842,838.0,2012,,,913100.0,2025,Logement,Ville de Montréal — Données ouvertes,https://donnees.montreal.ca/dataset/taxes-municipales,,,,
"2, rue Poudrette",L'Île-Bizard–Sainte-Geneviève,Montréal,45.493525,-73.867543,808.0,1975,,,492000.0,2022,Logement,Ville de Montréal — Données ouvertes,https://donnees.montreal.ca/dataset/taxes-municipales,,,,
"3176, boulevard Chevremont",L'Île-Bizard–Sainte-Geneviève,Montréal,45.503909,-73.864471,752.0,1991,,,423633.0,2021,Logement,Ville de Montréal — Données ouvertes,https://donnees.montreal.ca/dataset/taxes-municipales,,,,
"145, rue Bouchette",L'Île-Bizard–Sainte-Geneviève,Montréal,45.498069,-73.879378,713.0,1987,,,512100.0,2021,Logement,Ville de Montréal — Données ouvertes,https://donnees.montreal.ca/dataset/taxes-municipales,,,,
"1013, rue Bellevue",L'Île-Bizard–Sainte-Geneviève,Montréal,45.506878,-73.870429,700.0,2001,,,753433.0,2026,Logement,Ville de Montréal — Données ouvertes,https://donnees.montreal.ca/dataset/taxes-municipales,,,,
"481, rue Closse",L'Île-Bizard–Sainte-Geneviève,Montréal,45.493102,-73.87197,171.0,1977,,,407467.0,2026,Logement,Ville de Montréal — Données ouvertes,https://donnees.montreal.ca/dataset/taxes-municipales,,,,
"275, avenue des Erables",L'Île-Bizard–Sainte-Geneviève,Montréal,45.517104,-73.863438,,,,,1479100.0,2023,,Ville de Montréal — Données ouvertes,https://donnees.montreal.ca/dataset/taxes-municipales,,,,
"215, rue Bouchette",L'Île-Bizard–Sainte-Geneviève,Montréal,45.497231,-73.880697,628.0,1987,,,556400.0,2025,Logement,Ville de Montréal — Données ouvertes,https://donnees.montreal.ca/dataset/taxes-municipales,,,,
"867, rue Thibaudeau",L'Île-Bizard–Sainte-Geneviève,Montréal,45.49729,-73.884797,532.0,1988,,,433500.0,2022,Logement,Ville de Montréal — Données ouvertes,https://donnees.montreal.ca/dataset/taxes-municipales,,,,
"410, rue Charles-Renaud",L'Île-Bizard–Sainte-Geneviève,Montréal,45.494055,-73.870559,652.0,1979,,,475767.0,2024,Logement,Ville de Montréal — Données ouvertes,https://donnees.montreal.ca/dataset/taxes-municipales,,,,
"1231, avenue Theoret",L'Île-Bizard–Sainte-Geneviève,Montréal,45.503549,-73.912452,,,,,1759767.0,2024,,Ville de Montréal — Données ouvertes,https://donnees.montreal.ca/dataset/taxes-municipales,,,,
"15216, rue Theoret",L'Île-Bizard–Sainte-Geneviève,Montréal,45.486118,-73.864608,,,,,556800.0,2026,,Ville de Montréal — Données ouvertes,https://donnees.montreal.ca/dataset/taxes-municipales,,,,
"522, rue Macquet",L'Île-Bizard–Sainte-Geneviève,Montréal,45.496996,-73.873308,557.0,1986,,,734500.0,2025,Logement,Ville de Montréal — Données ouvertes,https://donnees.montreal.ca/dataset/taxes-municipales,,,,
"3319, rue Saint-Maurice",L'Île-Bizard–Sainte-Geneviève,Montréal,45.488845,-73.872508,561.0,1948,,,275367.0,2026,Logement,Ville de Montréal — Données ouvertes,https://donnees.montreal.ca/dataset/taxes-municipales,,,,
"226, rue Fers-de-Lys",L'Île-Bizard–Sainte-Geneviève,Montréal,45.490314,-73.889421,838.0,2013,,,752600.0,2025,Logement,Ville de Montréal — Données ouvertes,https://donnees.montreal.ca/dataset/taxes-municipales,,,,
"665, rue Cherrier",L'Île-Bizard–Sainte-Geneviève,Montréal,45.48239,-73.885462,1452.0,1957,,,765600.0,2024,Logement,Ville de Montréal — Données ouvertes,https://donnees.montreal.ca/dataset/taxes-municipales,,,,
"15200, boulevard Gouin Ouest",L'Île-Bizard–Sainte-Geneviève,Montréal,45.48571,-73.863196,462.0,1951,,,489567.0,2024,Logement,Ville de Montréal — Données ouvertes,https://donnees.montreal.ca/dataset/taxes-municipales,,,,
"206, rue Fers-de-Lys",L'Île-Bizard–Sainte-Geneviève,Montréal,45.488572,-73.887404,726.0,2012,,,776600.0,2025,Logement,Ville de Montréal — Données ouvertes,https://donnees.montreal.ca/dataset/taxes-municipales,,,,
"415, rue Closse",L'Île-Bizard–Sainte-Geneviève,Montréal,45.492124,-73.871144,175.0,1977,,,366000.0,2025,Logement,Ville de Montréal — Données ouvertes,https://donnees.montreal.ca/dataset/taxes-municipales,,,,
"160, rue Bouchette",L'Île-Bizard–Sainte-Geneviève,Montréal,45.497982,-73.880197,559.0,1987,,,609600.0,2025,Logement,Ville de Montréal — Données ouvertes,https://donnees.montreal.ca/dataset/taxes-municipales,,,,
"24, rue Robert",L'Île-Bizard–Sainte-Geneviève,Montréal,45.493405,-73.886099,697.0,1976,,,361367.0,2021,Logement,Ville de Montréal — Données ouvertes,https://donnees.montreal.ca/dataset/taxes-municipales,,,,
"20, rue Sainte-Anne",L'Île-Bizard–Sainte-Geneviève,Montréal,45.47772,-73.872673,1322.0,1956,,,655300.0,2025,Centre d'appels téléphoniques,Ville de Montréal — Données ouvertes,https://donnees.montreal.ca/dataset/taxes-municipales,,,,
"3039, rue Cherrier",L'Île-Bizard–Sainte-Geneviève,Montréal,45.50461,-73.861698,1065.0,1994,,,453200.0,2022,Logement,Ville de Montréal — Données ouvertes,https://donnees.montreal.ca/dataset/taxes-municipales,,,,
"479, rue Pierre-Boileau",L'Île-Bizard–Sainte-Geneviève,Montréal,45.496908,-73.870735,557.0,1975,,,429200.0,2022,Logement,Ville de Montréal — Données ouvertes,https://donnees.montreal.ca/dataset/taxes-municipales,,,,
"408, rue Triolet",L'Île-Bizard–Sainte-Geneviève,Montréal,45.503028,-73.864765,776.0,1992,,,551633.0,2021,Logement,Ville de Montréal — Données ouvertes,https://donnees.montreal.ca/dataset/taxes-municipales,,,,
"722, rue Cherrier",L'Île-Bizard–Sainte-Geneviève,Montréal,45.478361,-73.887384,18656.0,2019,,,1166200.0,2025,Logement,Ville de Montréal — Données ouvertes,https://donnees.montreal.ca/dataset/taxes-municipales,,,,
"555, rue Maugue",L'Île-Bizard–Sainte-Geneviève,Montréal,45.497841,-73.883406,642.0,1987,,,490500.0,2022,Logement,Ville de Montréal — Données ouvertes,https://donnees.montreal.ca/dataset/taxes-municipales,,,,
"15442, boulevard Gouin Ouest",L'Île-Bizard–Sainte-Geneviève,Montréal,45.484277,-73.86563,1734.0,,,,628300.0,2024,Logement,Ville de Montréal — Données ouvertes,https://donnees.montreal.ca/dataset/taxes-municipales,,,,
"412, rue de la Vieille-Ecole",L'Île-Bizard–Sainte-Geneviève,Montréal,45.506559,-73.904649,975.0,2005,,,806700.0,2022,Logement,Ville de Montréal — Données ouvertes,https://donnees.montreal.ca/dataset/taxes-municipales,,,,
"764, rue Pierre-Marc-Masson",L'Île-Bizard–Sainte-Geneviève,Montréal,45.491571,-73.890281,333.0,2012,,,615400.0,2026,Logement,Ville de Montréal — Données ouvertes,https://donnees.montreal.ca/dataset/taxes-municipales,,,,
"449, rue Closse",L'Île-Bizard–Sainte-Geneviève,Montréal,45.492567,-73.871834,177.0,1977,,,405367.0,2026,Logement,Ville de Montréal — Données ouvertes,https://donnees.montreal.ca/dataset/taxes-municipales,,,,
"15803, rue du Moulin",L'Île-Bizard–Sainte-Geneviève,Montréal,45.48239,-73.87009,268.0,1920,,,236567.0,2024,Logement,Ville de Montréal — Données ouvertes,https://donnees.montreal.ca/dataset/taxes-municipales,,,,
"1071, rue Bellevue",L'Île-Bizard–Sainte-Geneviève,Montréal,45.510149,-73.867007,740.0,2018,,,914200.0,2025,Logement,Ville de Montréal — Données ouvertes,https://donnees.montreal.ca/dataset/taxes-municipales,,,,
"483, rue Closse",L'Île-Bizard–Sainte-Geneviève,Montréal,45.493129,-73.871906,223.0,1977,,,452467.0,2026,Logement,Ville de Montréal — Données ouvertes,https://donnees.montreal.ca/dataset/taxes-municipales,,,,
"881, rue Thibaudeau",L'Île-Bizard–Sainte-Geneviève,Montréal,45.498214,-73.883752,568.0,1987,,,356800.0,2022,Logement,Ville de Montréal — Données ouvertes,https://donnees.montreal.ca/dataset/taxes-municipales,,,,
"2060, chemin du Bord-du-Lac",L'Île-Bizard–Sainte-Geneviève,Montréal,45.509318,-73.898983,3843.0,2005,,,1152867.0,2023,Logement,Ville de Montréal — Données ouvertes,https://donnees.montreal.ca/dataset/taxes-municipales,,,,
"16815, boulevard Gouin Ouest",L'Île-Bizard–Sainte-Geneviève,Montréal,45.472676,-73.87588,456.0,1985,,,307200.0,2023,Logement,Ville de Montréal — Données ouvertes,https://donnees.montreal.ca/dataset/taxes-municipales,,,,
"958, rue Blouin",L'Île-Bizard–Sainte-Geneviève,Montréal,45.518179,-73.87057,540.0,1948,,,320600.0,2025,Logement,Ville de Montréal — Données ouvertes,https://donnees.montreal.ca/dataset/taxes-municipales,,,,
"431, rue Closse",L'Île-Bizard–Sainte-Geneviève,Montréal,45.492169,-73.871461,178.0,1977,,,428300.0,2025,Logement,Ville de Montréal — Données ouvertes,https://donnees.montreal.ca/dataset/taxes-municipales,,,,
"795, rue Pierre-Marc-Masson",L'Île-Bizard–Sainte-Geneviève,Montréal,45.491173,-73.890407,536.0,2011,,,642700.0,2026,Logement,Ville de Montréal — Données ouvertes,https://donnees.montreal.ca/dataset/taxes-municipales,,,,
"1831, chemin du Bord-du-Lac",L'Île-Bizard–Sainte-Geneviève,Montréal,45.500824,-73.912723,4442.0,2001,,,1302800.0,2025,Logement,Ville de Montréal — Données ouvertes,https://donnees.montreal.ca/dataset/taxes-municipales,,,,
"433, rue Closse",L'Île-Bizard–Sainte-Geneviève,Montréal,45.492218,-73.871497,182.0,1977,,,387700.0,2025,Logement,Ville de Montréal — Données ouvertes,https://donnees.montreal.ca/dataset/taxes-municipales,,,,
"415, rue Ouimet",L'Île-Bizard–Sainte-Geneviève,Montréal,45.49003,-73.878372,529.0,1974,,,521233.0,2026,Logement,Ville de Montréal — Données ouvertes,https://donnees.montreal.ca/dataset/taxes-municipales,,,,
"16587, boulevard Gouin Ouest",L'Île-Bizard–Sainte-Geneviève,Montréal,45.474544,-73.874648,982.0,1930,,,261180.0,2021,Logement,Ville de Montréal — Données ouvertes,https://donnees.montreal.ca/dataset/taxes-municipales,,,,
"527, rue Macquet",L'Île-Bizard–Sainte-Geneviève,Montréal,45.497572,-73.873703,642.0,1980,,,656400.0,2025,Logement,Ville de Montréal — Données ouvertes,https://donnees.montreal.ca/dataset/taxes-municipales,,,,
"25, rue Chaumette",L'Île-Bizard–Sainte-Geneviève,Montréal,45.480702,-73.885336,826.0,1979,,,409400.0,2025,Logement,Ville de Montréal — Données ouvertes,https://donnees.montreal.ca/dataset/taxes-municipales,,,,
"68, rue de la Plage-Riviera",L'Île-Bizard–Sainte-Geneviève,Montréal,45.472924,-73.876601,973.0,1986,,,565133.0,2023,Logement,Ville de Montréal — Données ouvertes,https://donnees.montreal.ca/dataset/taxes-municipales,,,,
"404, rue Triolet",L'Île-Bizard–Sainte-Geneviève,Montréal,45.502759,-73.864483,1008.0,1992,,,391300.0,2021,Logement,Ville de Montréal — Données ouvertes,https://donnees.montreal.ca/dataset/taxes-municipales,,,,
"15826, rue de la Caserne",L'Île-Bizard–Sainte-Geneviève,Montréal,45.480686,-73.868628,1137.0,1898,,,436467.0,2024,Logement,Ville de Montréal — Données ouvertes,https://donnees.montreal.ca/dataset/taxes-municipales,,,,
"42, croissant Thibaudeau",L'Île-Bizard–Sainte-Geneviève,Montréal,45.4994,-73.880311,543.0,1989,,,707300.0,2025,Logement,Ville de Montréal — Données ouvertes,https://donnees.montreal.ca/dataset/taxes-municipales,,,,
"489, rue Pierre-Boileau",L'Île-Bizard–Sainte-Geneviève,Montréal,45.497311,-73.86975,563.0,1975,,,431300.0,2022,Logement,Ville de Montréal — Données ouvertes,https://donnees.montreal.ca/dataset/taxes-municipales,,,,
"65, rue de la Plage-Riviera",L'Île-Bizard–Sainte-Geneviève,Montréal,45.473421,-73.876617,1206.0,1985,,,1147133.0,2023,Logement,Ville de Montréal — Données ouvertes,https://donnees.montreal.ca/dataset/taxes-municipales,,,,
"11, rue Proulx",L'Île-Bizard–Sainte-Geneviève,Montréal,45.499465,-73.864325,1161.0,2022,,,1088933.0,2026,Logement,Ville de Montréal — Données ouvertes,https://donnees.montreal.ca/dataset/taxes-municipales,,,,
"3176, rue Leon-Brisebois",L'Île-Bizard–Sainte-Geneviève,Montréal,45.496693,-73.863748,695.0,1982,,,349600.0,2022,Logement,Ville de Montréal — Données ouvertes,https://donnees.montreal.ca/dataset/taxes-municipales,,,,
"9, rue Proulx",L'Île-Bizard–Sainte-Geneviève,Montréal,45.499204,-73.864009,790.0,1960,,,634467.0,2026,Logement,Ville de Montréal — Données ouvertes,https://donnees.montreal.ca/dataset/taxes-municipales,,,,
"16618, boulevard Gouin Ouest",L'Île-Bizard–Sainte-Geneviève,Montréal,45.474088,-73.874211,2528.0,1860,,,632700.0,2023,Logement,Ville de Montréal — Données ouvertes,https://donnees.montreal.ca/dataset/taxes-municipales,,,,
"354, rue Sainte-Marie",L'Île-Bizard–Sainte-Geneviève,Montréal,45.488122,-73.879739,500.0,1964,,,228533.0,2026,Immeuble commercial,Ville de Montréal — Données ouvertes,https://donnees.montreal.ca/dataset/taxes-municipales,,,,
"12290, rue Saint-Pierre",L'Île-Bizard–Sainte-Geneviève,Montréal,45.48673,-73.861211,743.0,1955,,,457800.0,2026,Logement,Ville de Montréal — Données ouvertes,https://donnees.montreal.ca/dataset/taxes-municipales,,,,
"20, rue Chaumette",L'Île-Bizard–Sainte-Geneviève,Montréal,45.48056,-73.884559,737.0,1976,,,397400.0,2025,Logement,Ville de Montréal — Données ouvertes,https://donnees.montreal.ca/dataset/taxes-municipales,,,,
"465, rue Ouimet",L'Île-Bizard–Sainte-Geneviève,Montréal,45.490704,-73.879159,529.0,1975,,,498600.0,2026,Logement,Ville de Montréal — Données ouvertes,https://donnees.montreal.ca/dataset/taxes-municipales,,,,
"385, rue Ouimet",L'Île-Bizard–Sainte-Geneviève,Montréal,45.489642,-73.877915,529.0,1975,,,540433.0,2026,Logement,Ville de Montréal — Données ouvertes,https://donnees.montreal.ca/dataset/taxes-municipales,,,,
"69, rue Cardinal",L'Île-Bizard–Sainte-Geneviève,Montréal,45.482335,-73.883697,970.0,1976,,,401833.0,2024,Logement,Ville de Montréal — Données ouvertes,https://donnees.montreal.ca/dataset/taxes-municipales,,,,
"1015, rue Bellevue",L'Île-Bizard–Sainte-Geneviève,Montréal,45.506859,-73.870674,703.0,2001,,,713833.0,2026,Logement,Ville de Montréal — Données ouvertes,https://donnees.montreal.ca/dataset/taxes-municipales,,,,
"433, rue Charles-Renaud",L'Île-Bizard–Sainte-Geneviève,Montréal,45.495491,-73.871215,852.0,1980,,,597400.0,2024,Logement,Ville de Montréal — Données ouvertes,https://donnees.montreal.ca/dataset/taxes-municipales,,,,
"573, rue Cherrier",L'Île-Bizard–Sainte-Geneviève,Montréal,45.485147,-73.881119,742.0,1953,,,426033.0,2024,Logement,Ville de Montréal — Données ouvertes,https://donnees.montreal.ca/dataset/taxes-municipales,,,,
"1, croissant Thibaudeau",L'Île-Bizard–Sainte-Geneviève,Montréal,45.498859,-73.883216,695.0,1990,,,719600.0,2025,Logement,Ville de Montréal — Données ouvertes,https://donnees.montreal.ca/dataset/taxes-municipales,,,,
"15221, rue Theoret",L'Île-Bizard–Sainte-Geneviève,Montréal,45.486446,-73.864893,,,,,503367.0,2026,,Ville de Montréal — Données ouvertes,https://donnees.montreal.ca/dataset/taxes-municipales,,,,
"16593, terrasse Richelieu",L'Île-Bizard–Sainte-Geneviève,Montréal,45.473727,-73.873842,950.0,1975,,,952167.0,2021,Logement,Ville de Montréal — Données ouvertes,https://donnees.montreal.ca/dataset/taxes-municipales,,,,
"16280, boulevard Gouin Ouest",L'Île-Bizard–Sainte-Geneviève,Montréal,45.47759,-73.873606,476.0,1882,,,415900.0,2021,Maison de chambres et pension,Ville de Montréal — Données ouvertes,https://donnees.montreal.ca/dataset/taxes-municipales,,,,
"15875, boulevard Gouin Ouest",L'Île-Bizard–Sainte-Geneviève,Montréal,45.480994,-73.870273,1350.0,1918,,,34762.0,2023,Logement,Ville de Montréal — Données ouvertes,https://donnees.montreal.ca/dataset/taxes-municipales,,,,
"665, rue Maugue",L'Île-Bizard–Sainte-Geneviève,Montréal,45.496495,-73.883437,523.0,1987,,,462300.0,2022,Logement,Ville de Montréal — Données ouvertes,https://donnees.montreal.ca/dataset/taxes-municipales,,,,
"15545, rue Philippe",L'Île-Bizard–Sainte-Geneviève,Montréal,45.483816,-73.865278,943.0,1965,,,514500.0,2024,Logement,Ville de Montréal — Données ouvertes,https://donnees.montreal.ca/dataset/taxes-municipales,,,,
"15888, rue de la Caserne",L'Île-Bizard–Sainte-Geneviève,Montréal,45.480418,-73.869509,939.0,1969,,,1530667.0,2024,Logement,Ville de Montréal — Données ouvertes,https://donnees.montreal.ca/dataset/taxes-municipales,,,,
"192, rue Pierre-Foretier",L'Île-Bizard–Sainte-Geneviève,Montréal,45.499544,-73.865125,636.0,1981,,,394900.0,2022,Logement,Ville de Montréal — Données ouvertes,https://donnees.montreal.ca/dataset/taxes-municipales,,,,
"302, rue Beaulieu",L'Île-Bizard–Sainte-Geneviève,Montréal,45.499503,-73.870053,487.0,1983,,,495333.0,2026,Logement,Ville de Montréal — Données ouvertes,https://donnees.montreal.ca/dataset/taxes-municipales,,,,
"26, avenue Charron",L'Île-Bizard–Sainte-Geneviève,Montréal,45.486115,-73.874096,726.0,1974,,,384767.0,2024,Logement,Ville de Montréal — Données ouvertes,https://donnees.montreal.ca/dataset/taxes-municipales,,,,
"9, rue Tessier",L'Île-Bizard–Sainte-Geneviève,Montréal,45.49711,-73.865769,741.0,1995,,,698433.0,2026,Logement,Ville de Montréal — Données ouvertes,https://donnees.montreal.ca/dataset/taxes-municipales,,,,
"1073, rue Saint-Roch",L'Île-Bizard–Sainte-Geneviève,Montréal,45.508813,-73.902896,585.0,2003,,,424167.0,2024,Logement,Ville de Montréal — Données ouvertes,https://donnees.montreal.ca/dataset/taxes-municipales,,,,
"15220, rue Theoret",L'Île-Bizard–Sainte-Geneviève,Montréal,45.486122,-73.864968,,,,,612267.0,2026,,Ville de Montréal — Données ouvertes,https://donnees.montreal.ca/dataset/taxes-municipales,,,,
"546, rue Triolet",L'Île-Bizard–Sainte-Geneviève,Montréal,45.503869,-73.865267,867.0,1992,,,399167.0,2021,Logement,Ville de Montréal — Données ouvertes,https://donnees.montreal.ca/dataset/taxes-municipales,,,,
"363, rue Sainte-Marie",L'Île-Bizard–Sainte-Geneviève,Montréal,45.488506,-73.879641,547.0,1960,,,107030.0,2026,Logement,Ville de Montréal — Données ouvertes,https://donnees.montreal.ca/dataset/taxes-municipales,,,,
"345, rue Louise-Major",L'Île-Bizard–Sainte-Geneviève,Montréal,45.489708,-73.886435,349.0,2021,,,588800.0,2025,Logement,Ville de Montréal — Données ouvertes,https://donnees.montreal.ca/dataset/taxes-municipales,,,,
"605, rue Cherrier",L'Île-Bizard–Sainte-Geneviève,Montréal,45.48445,-73.882414,777.0,1914,,,370533.0,2024,Logement,Ville de Montréal — Données ouvertes,https://donnees.montreal.ca/dataset/taxes-municipales,,,,
"30, rue Sainte-Anne",L'Île-Bizard–Sainte-Geneviève,Montréal,45.402584,-73.947415,699.0,1963,,,435000.0,2025,Logement,Ville de Montréal — Données ouvertes,https://donnees.montreal.ca/dataset/taxes-municipales,,,,
"14689, rue Aumais",L'Île-Bizard–Sainte-Geneviève,Montréal,45.487759,-73.859729,159.0,1989,,,279567.0,2024,Logement,Ville de Montréal — Données ouvertes,https://donnees.montreal.ca/dataset/taxes-municipales,,,,
"33, rue Robert",L'Île-Bizard–Sainte-Geneviève,Montréal,45.493302,-73.885335,662.0,1975,,,312567.0,2021,Logement,Ville de Montréal — Données ouvertes,https://donnees.montreal.ca/dataset/taxes-municipales,,,,
"420, rue Ouimet",L'Île-Bizard–Sainte-Geneviève,Montréal,45.489843,-73.878795,511.0,1975,,,327000.0,2022,Logement,Ville de Montréal — Données ouvertes,https://donnees.montreal.ca/dataset/taxes-municipales,,,,
"370, boulevard Chevremont",L'Île-Bizard–Sainte-Geneviève,Montréal,45.491842,-73.8795,613.0,1975,,,549800.0,2025,Logement,Ville de Montréal — Données ouvertes,https://donnees.montreal.ca/dataset/taxes-municipales,,,,
"455, rue Ouimet",L'Île-Bizard–Sainte-Geneviève,Montréal,45.490573,-73.879008,529.0,1975,,,603567.0,2026,Logement,Ville de Montréal — Données ouvertes,https://donnees.montreal.ca/dataset/taxes-municipales,,,,
"421, rue Charles-Renaud",L'Île-Bizard–Sainte-Geneviève,Montréal,45.49491,-73.870875,883.0,1981,,,681933.0,2024,Logement,Ville de Montréal — Données ouvertes,https://donnees.montreal.ca/dataset/taxes-municipales,,,,
"475, rue des Pres",L'Île-Bizard–Sainte-Geneviève,Montréal,45.491211,-73.878553,,,,,485800.0,2025,,Ville de Montréal — Données ouvertes,https://donnees.montreal.ca/dataset/taxes-municipales,,,,
"1, rue Poudrette",L'Île-Bizard–Sainte-Geneviève,Montréal,45.493191,-73.867828,667.0,1976,,,682000.0,2025,Logement,Ville de Montréal — Données ouvertes,https://donnees.montreal.ca/dataset/taxes-municipales,,,,
"16599, terrasse Richelieu",L'Île-Bizard–Sainte-Geneviève,Montréal,45.473188,-73.873458,961.0,1975,,,951867.0,2021,Logement,Ville de Montréal — Données ouvertes,https://donnees.montreal.ca/dataset/taxes-municipales,,,,
"15250, boulevard Gouin Ouest",L'Île-Bizard–Sainte-Geneviève,Montréal,45.485508,-73.863489,550.0,1957,,,358600.0,2024,Logement,Ville de Montréal — Données ouvertes,https://donnees.montreal.ca/dataset/taxes-municipales,,,,
"639, rue Cherrier",L'Île-Bizard–Sainte-Geneviève,Montréal,45.482954,-73.884888,155.0,2004,,,185333.0,2023,Logement,Ville de Montréal — Données ouvertes,https://donnees.montreal.ca/dataset/taxes-municipales,,,,
"491, rue Pierre-Boileau",L'Île-Bizard–Sainte-Geneviève,Montréal,45.497215,-73.869495,603.0,1975,,,440100.0,2022,Logement,Ville de Montréal — Données ouvertes,https://donnees.montreal.ca/dataset/taxes-municipales,,,,
"473, rue Pierre-Boileau",L'Île-Bizard–Sainte-Geneviève,Montréal,45.49647,-73.871059,557.0,1975,,,423000.0,2022,Logement,Ville de Montréal — Données ouvertes,https://donnees.montreal.ca/dataset/taxes-municipales,,,,
"902, 3e Avenue",L'Île-Bizard–Sainte-Geneviève,Montréal,45.517809,-73.874544,,,,,0.0,2025,,Ville de Montréal — Données ouvertes,https://donnees.montreal.ca/dataset/taxes-municipales,,,,
"152, avenue du Manoir",L'Île-Bizard–Sainte-Geneviève,Montréal,45.486801,-73.872757,1.0,1994,,,3433.0,2024,Stationnement extérieur (condo),Ville de Montréal — Données ouvertes,https://donnees.montreal.ca/dataset/taxes-municipales,,,,
"360, rue Ouimet",L'Île-Bizard–Sainte-Geneviève,Montréal,45.489084,-73.877911,510.0,1975,,,318100.0,2022,Logement,Ville de Montréal — Données ouvertes,https://donnees.montreal.ca/dataset/taxes-municipales,,,,
"310, rue Beaulieu",L'Île-Bizard–Sainte-Geneviève,Montréal,45.499042,-73.869481,508.0,1983,,,512533.0,2026,Logement,Ville de Montréal — Données ouvertes,https://donnees.montreal.ca/dataset/taxes-municipales,,,,
"16, rue Proulx",L'Île-Bizard–Sainte-Geneviève,Montréal,45.500286,-73.86451,930.0,1986,,,505233.0,2026,Logement,Ville de Montréal — Données ouvertes,https://donnees.montreal.ca/dataset/taxes-municipales,,,,
"222, rue Fers-de-Lys",L'Île-Bizard–Sainte-Geneviève,Montréal,45.48997,-73.889024,838.0,2013,,,785400.0,2025,Logement,Ville de Montréal — Données ouvertes,https://donnees.montreal.ca/dataset/taxes-municipales,,,,
"1523, chemin du Bord-du-Lac",L'Île-Bizard–Sainte-Geneviève,Montréal,45.491027,-73.93658,36596.0,,,,3682500.0,2021,Logement,Ville de Montréal — Données ouvertes,https://donnees.montreal.ca/dataset/taxes-municipales,,,,
"15713, rue de la Caserne",L'Île-Bizard–Sainte-Geneviève,Montréal,45.482317,-73.864832,445.0,1955,,,406200.0,2026,Logement,Ville de Montréal — Données ouvertes,https://donnees.montreal.ca/dataset/taxes-municipales,,,,
"1073, rue Bellevue",L'Île-Bizard–Sainte-Geneviève,Montréal,45.510199,-73.866776,740.0,2017,,,982000.0,2025,Logement,Ville de Montréal — Données ouvertes,https://donnees.montreal.ca/dataset/taxes-municipales,,,,
"15715, rue de la Caserne",L'Île-Bizard–Sainte-Geneviève,Montréal,45.482099,-73.865518,509.0,1955,,,542867.0,2026,Logement,Ville de Montréal — Données ouvertes,https://donnees.montreal.ca/dataset/taxes-municipales,,,,
"369, rue Sainte-Marie",L'Île-Bizard–Sainte-Geneviève,Montréal,45.488685,-73.879855,382.0,1964,,,299333.0,2026,Logement,Ville de Montréal — Données ouvertes,https://donnees.montreal.ca/dataset/taxes-municipales,,,,
"57, rue Cardinal",L'Île-Bizard–Sainte-Geneviève,Montréal,45.481583,-73.882739,597.0,1977,,,340033.0,2024,Logement,Ville de Montréal — Données ouvertes,https://donnees.montreal.ca/dataset/taxes-municipales,,,,
"57, rue Montigny",L'Île-Bizard–Sainte-Geneviève,Montréal,45.478393,-73.886744,1054.0,1985,,,619000.0,2024,Logement,Ville de Montréal — Données ouvertes,https://donnees.montreal.ca/dataset/taxes-municipales,,,,
"140, rue Bouchette",L'Île-Bizard–Sainte-Geneviève,Montréal,45.49826,-73.879923,585.0,1987,,,734600.0,2025,Logement,Ville de Montréal — Données ouvertes,https://donnees.montreal.ca/dataset/taxes-municipales,,,,
